linea,hora_inicio,hora_fin,conductores,vehiculos,precio,descuento
L1,06:45,23:15,"['Felipe Verdugo Jimenez', 'Esmeralda Herrero Iniesta', 'Sandra Arellano Dueñas', 'Adora Paniagua Bárcena', 'Jerónimo Rivera', 'Ximena Lobo Gras', 'Flavia Jimena Calleja Cantón', 'Ale Gárate Bustamante']","['Bus_4', 'Bus_71', 'Tranvia_75', 'Bus_11', 'Tranvia_35', 'Bus_23', 'Bus_72', 'Bus_21']",1.91,0.29
L2,07:30,20:30,"['Felipa Rios Anguita', 'Bruno Sáenz-Elorza', 'Glauco Ugarte Girona', 'Anastasio Somoza Ibañez', 'María Del Carmen del Aliaga', 'Azucena de Montesinos', 'Eliana Varela Valls', 'Valero de Exposito', 'Alexandra Reguera Martínez', 'Coral Uribe-Villar', 'Jeremías Quintana', 'Samanta Cabrero-Gutiérrez', 'Ainoa Simó Diez', 'Luisina Garmendia Carnero', 'Graciano Belmonte Sola', 'Teresa Cano Zabaleta', 'Miguel Ángel Moya Amat']","['Tranvia_34', 'Bus_18', 'Bus_17', 'Bus_62', 'Bus_16', 'Tranvia_64', 'Bus_90', 'Tranvia_16', 'Bus_77', 'Bus_1', 'Bus_64', 'Bus_25', 'Bus_42', 'Bus_53', 'Bus_95', 'Bus_82', 'Tranvia_22']",1.31,0.22
L3,05:15,22:15,"['Fabiana Soto Alvarez', 'Cirino Anguita Caro', 'Flora Medina Lucena', 'Herberto Ruano Manuel', 'Flavio Álvaro Calderón']","['Bus_65', 'Tranvia_4', 'Bus_50', 'Tranvia_27', 'Bus_28']",2.67,0.29
L4,07:45,23:15,"['Anselma Salamanca Gonzalez', 'Juan Carlos Salinas González', 'Galo Araujo Benitez', 'Javi Córdoba', 'Jesusa Arjona Múgica', 'Maricruz Carreño Patiño', 'Teófilo Cordero-Gomis', 'Santos Solana-Jódar', 'Edu Román Carreño Amo']","['Tranvia_13', 'Bus_55', 'Tranvia_88', 'Bus_37', 'Tranvia_61', 'Bus_95', 'Bus_43', 'Bus_75', 'Tranvia_70']",2.23,0.33
L5,07:00,23:00,"['Evaristo Jordán Plaza', 'Víctor Berrocal Lobato', 'Lorenza Nicolasa Tejada Contreras', 'Elena Tur Lumbreras', 'Julio César Marquez Salazar', 'Ambrosio Abellán Lobato', 'Jose Francisco Osvaldo Solé Rosa', 'Jennifer Cuervo Pedrero', 'Mamen Susana Zurita Larrea', 'Eugenio Máximo Carrasco Menéndez', 'Ester Pavón', 'Sofía Caro', 'Ariadna Palmer Jordá', 'Íngrid Jáuregui-Serra', 'Leoncio Mesa Menendez', 'Carolina Valverde-Carlos', 'Chuy Saavedra', 'Basilio Casanova']","['Bus_3', 'Tranvia_87', 'Bus_86', 'Tranvia_48', 'Bus_69', 'Bus_82', 'Bus_52', 'Bus_34', 'Bus_59', 'Bus_70', 'Bus_7', 'Bus_24', 'Tranvia_80', 'Bus_67', 'Tranvia_6', 'Bus_85', 'Tranvia_74', 'Bus_97']",2.73,0.41
L6,05:00,21:15,"['Custodia Prada Acedo', 'Eugenio Oliver', 'Tere Velasco Pallarès', 'Inés Beltran Mulet', 'Luisa Guerra Lerma', 'Paz Clavero Pedrero', 'Lola Cruz-Merino', 'Almudena Murillo']","['Tranvia_6', 'Tranvia_82', 'Bus_49', 'Bus_55', 'Bus_69', 'Bus_36', 'Tranvia_7', 'Tranvia_93']",2.14,0.35
L7,06:00,20:00,"['Jessica Vega Botella', 'Reyes Vilanova Ribes', 'Encarnación Carvajal Sedano', 'Gilberto Cayetano Verdejo Boada', 'Delia del Raya', 'Valerio Medina Ramírez', 'Manuel Abad Barco', 'Eli Reyes Guzman']","['Bus_91', 'Bus_28', 'Bus_97', 'Bus_87', 'Bus_17', 'Bus_81', 'Bus_82', 'Tranvia_33']",2.67,0.12
L8,05:45,20:30,"['Adora Prudencia Moliner Vargas', 'Iván Calvet-Sainz', 'Haroldo Barral Becerra', 'Sofía Yáñez Naranjo', 'Teresita del Soria', 'Imelda Bustamante Colomer', 'Salomé Planas Prat', 'Fabiola Toro Bellido', 'Olga Lago-Llopis']","['Bus_30', 'Bus_29', 'Bus_50', 'Bus_41', 'Bus_41', 'Tranvia_87', 'Bus_64', 'Bus_17', 'Bus_57']",2.06,0.1
L9,05:15,21:30,"['Leoncio del Guillén', 'Florinda Peñalver Nicolás', 'Benigno Luque', 'Nazario Hernandez', 'Guillermo del Ariza', 'Nicolasa del Gomila', 'Gil Roldan Casal', 'Lalo del Arrieta', 'Genoveva Trini Patiño Villar', 'Albert Galvez-Roma', 'Cándido Rodrigo Marquez', 'Estefanía Ribera Sosa', 'Teobaldo del Vilar', 'Sabina Ferrán Guardia']","['Bus_4', 'Bus_94', 'Bus_28', 'Bus_49', 'Bus_5', 'Bus_25', 'Tranvia_25', 'Tranvia_56', 'Tranvia_90', 'Bus_36', 'Bus_90', 'Bus_69', 'Bus_34', 'Tranvia_76']",2.59,0.25
L10,07:30,23:00,"['Mayte Pina Vizcaíno', 'Maura Acosta Seguí', 'Porfirio de Salcedo', 'Tomasa Soriano Menéndez', 'Nicanor Quesada', 'Nicolasa Paniagua Palomo', 'Valentín Peñalver Salazar', 'Marina Blasco Artigas', 'Tania Segura Colomer', 'Graciano Sevillano Ramis', 'Josefina del Gras', 'Reinaldo Tudela Alcántara', 'Darío Porfirio Fuentes Cámara', 'Marcelo de Izquierdo', 'Clemente Farré Cabo', 'Alicia Lucena Valenzuela', 'Lupita Lluch Iniesta']","['Bus_59', 'Bus_28', 'Bus_36', 'Tranvia_52', 'Bus_90', 'Bus_76', 'Bus_8', 'Bus_52', 'Bus_3', 'Tranvia_31', 'Bus_63', 'Bus_3', 'Tranvia_34', 'Bus_4', 'Tranvia_50', 'Tranvia_15', 'Bus_26']",2.09,0.24
L11,05:45,22:15,"['Silvia Martina Estevez Tejada', 'Jeremías Martínez Domínguez', 'Sofía Colom Bayo', 'Pepito Vallejo Alcántara', 'Gaspar Cámara Andrade', 'Brígida Pomares', 'Feliciana Manso Acosta']","['Tranvia_51', 'Bus_81', 'Bus_95', 'Bus_62', 'Bus_45', 'Bus_1', 'Bus_26']",1.47,0.41
L12,05:00,20:00,"['Jonatan Marín-Fortuny', 'Tomás Pinedo Almazán', 'Alba Morante Macías', 'Nicolás Sanmartín Arce', 'Sebastian Colomer Aller', 'Armando Baeza-Vilanova', 'Antonia Ibarra Quintanilla']","['Tranvia_92', 'Bus_87', 'Bus_68', 'Bus_13', 'Bus_87', 'Tranvia_41', 'Tranvia_31']",2.47,0.18
L13,07:15,23:45,"['Crescencia Bayón Saura', 'Donato Amaya-Chico', 'Rufina Fabiana Aramburu Palau', 'Ascensión de Noriega', 'Geraldo de Lamas', 'Evita Solís', 'Maximiano Rodrigo', 'Leonor del Benavent', 'Martín Olmedo']","['Bus_10', 'Bus_71', 'Bus_47', 'Bus_29', 'Bus_89', 'Bus_90', 'Bus_7', 'Bus_30', 'Bus_69']",2.06,0.27
L14,06:30,21:45,"['Cecilia Juliá', 'Chelo Canet Abad', 'Maura Sanmartín Ribas', 'Narcisa Serafina Rozas Arrieta', 'Norberto Boada Zaragoza', 'Cándido Meléndez Pol']","['Bus_77', 'Tranvia_14', 'Bus_62', 'Bus_53', 'Tranvia_72', 'Tranvia_72']",2.87,0.13
L15,05:45,20:15,"['Godofredo de Barco', 'Maura Soria Castelló', 'Zaira Tomé', 'Clotilde Adadia Giménez', 'Ulises Jove Ocaña', 'Gonzalo Orozco', 'Pascual Villanueva Yuste', 'Rómulo Yáñez', 'Julieta Duarte Real', 'Fátima Almazán Perales', 'Rufino Pedraza-Corominas']","['Bus_68', 'Bus_84', 'Bus_84', 'Bus_82', 'Bus_61', 'Tranvia_85', 'Bus_20', 'Bus_76', 'Tranvia_23', 'Bus_46', 'Bus_32']",1.89,0.33
L16,05:00,21:15,"['Lucho Zacarías Cuesta Castells', 'Rosa Gabriela Bartolomé Cabañas', 'Goyo Oliver Sobrino', 'Samanta Guerra Cerdá', 'Cristóbal Palacios Atienza', 'Anastasio Roselló Hoyos', 'Rebeca Cózar-Talavera', 'Fabio Carro Folch', 'Adelardo del Moliner']","['Bus_28', 'Tranvia_44', 'Tranvia_37', 'Bus_10', 'Bus_84', 'Tranvia_75', 'Tranvia_27', 'Bus_46', 'Bus_99']",2.96,0.3
L17,06:00,22:00,"['Fausto Fernandez', 'Loreto Bejarano Gual', 'Bonifacio Ropero Aragonés', 'Trinidad Carmen Bellido Mínguez', 'Dimas Buendía Cabo', 'Jose Carlos del Ortega', 'Salomón Lago Céspedes', 'Ildefonso Salas', 'Lourdes Ariza Figuerola', 'Valentín Milla Jara']","['Bus_29', 'Bus_9', 'Bus_18', 'Bus_99', 'Bus_100', 'Bus_67', 'Bus_66', 'Bus_86', 'Bus_68', 'Tranvia_89']",1.04,0.33
L18,07:15,20:15,"['Candela Moliner', 'Ángel Amador Cerdán', 'Dafne Raquel Maestre Bellido', 'Zaida Recio Infante', 'Estela de Garrido', 'Emiliano Santos Manzanares', 'Jacinta Pujol Pagès', 'Begoña Aguiló Sáenz', 'Trinidad Coca Cámara', 'Candelario Manrique Tejada', 'Abilio Clavero Galindo', 'Estrella Busquets Méndez', 'Darío del Roselló', 'Mohamed Linares-Morata', 'María Pinto Cortes', 'Damián Pedrosa Amorós', 'Adoración de Castell', 'Ester Barrios Aparicio']","['Bus_28', 'Bus_82', 'Bus_66', 'Tranvia_74', 'Tranvia_8', 'Tranvia_91', 'Bus_19', 'Bus_12', 'Bus_39', 'Tranvia_6', 'Tranvia_23', 'Bus_23', 'Bus_2', 'Bus_55', 'Tranvia_12', 'Bus_23', 'Bus_9', 'Tranvia_74']",1.8,0.49
L19,06:15,21:45,"['Basilio del Giralt', 'Socorro Salmerón', 'Florina Tovar Blanco', 'Lilia Olalla Pallarès Millán', 'Febe Acosta Palmer', 'Mario Ramirez Abellán', 'Erasmo Fuster Quintanilla', 'Amador Echevarría Guijarro', 'Emma Cid Gonzalo', 'Chita Marisol Arregui Rosado', 'Manolo Aranda Maestre', 'Andrés Felipe Alvarez Dueñas']","['Bus_40', 'Bus_22', 'Bus_59', 'Tranvia_59', 'Tranvia_3', 'Bus_77', 'Bus_44', 'Bus_76', 'Tranvia_6', 'Bus_10', 'Bus_46', 'Bus_96']",1.44,0.17
L20,05:00,22:15,"['Eusebio Bilbao Campos', 'Iván Recio Aguirre', 'Apolinar Bejarano Mas', 'Dolores Higueras Segovia', 'Sofía Peinado', 'Emiliano Hurtado Bayón', 'María Ángeles Quirós Vergara', 'Lupe Pons Cuéllar', 'Azahar Trujillo-Elorza', 'Martín Bueno Pou', 'Adoración Amaya Arnal']","['Bus_95', 'Tranvia_4', 'Bus_9', 'Tranvia_3', 'Bus_40', 'Tranvia_92', 'Bus_25', 'Tranvia_66', 'Tranvia_68', 'Bus_14', 'Bus_24']",1.53,0.45
L21,07:00,22:45,"['Augusto Pablo Miró Borrell', 'Atilio Poncio Aguilera Casares', 'Tatiana Sancho Beltran', 'Rosaura Alsina-Farré', 'Cruz Viana-Santamaría', 'Jose Ignacio Reinaldo Padilla Saldaña', 'Camila España Oller', 'Luis Miguel Bartolomé Correa Campo', 'Raúl Moreno Querol', 'Ana Belén Bermejo Boada', 'Teófila Rosado Benavides']","['Bus_1', 'Bus_92', 'Bus_74', 'Bus_10', 'Bus_78', 'Bus_67', 'Bus_85', 'Bus_35', 'Bus_17', 'Tranvia_39', 'Bus_82']",2.81,0.25
L22,06:15,23:00,"['Nélida Guillén Rivero', 'Melania de Carmona', 'Candelario Cabañas', 'Ricarda Herranz Redondo', 'Goyo Buendía Amores', 'Clotilde Gisela Calvet Colom', 'Leopoldo Carranza-Alvarado', 'Marisol Jara-Roca', 'Mariana Ruiz Valls', 'Albino Ríos Mulet', 'Luciana Coello-Gilabert', 'Anastasia Sevilla Mendizábal']","['Bus_28', 'Bus_74', 'Bus_19', 'Bus_5', 'Bus_68', 'Bus_42', 'Bus_21', 'Tranvia_1', 'Bus_2', 'Bus_20', 'Tranvia_59', 'Bus_100']",2.54,0.13
L23,05:15,23:15,"['Herminio Palomo Abril', 'Serafina Azahara Tena Peñalver', 'Mauricio de Bellido', 'Reinaldo de Aranda', 'Calixta Cazorla Tomas', 'Reynaldo Barbero Padilla', 'Pánfilo Calderón-Tomas', 'José del Cámara', 'África Catalá', 'José Antonio de Torrecilla', 'Darío Feijoo Guardia']","['Bus_14', 'Bus_33', 'Bus_76', 'Tranvia_42', 'Tranvia_56', 'Bus_77', 'Tranvia_15', 'Bus_69', 'Tranvia_65', 'Bus_72', 'Tranvia_90']",1.78,0.23
L24,07:30,23:00,"['Armando Martínez Puerta', 'Clementina Alcalde Pagès', 'Hilario Moll Guillen', 'Germán Carrasco Aragonés', 'Crescencia Mata Ariño', 'Fernando Diez', 'Zaira Zamora', 'Vidal Plaza Borja', 'Ruperto Prieto Vilalta']","['Bus_7', 'Tranvia_18', 'Bus_88', 'Bus_4', 'Bus_38', 'Bus_53', 'Bus_21', 'Tranvia_22', 'Tranvia_62']",2.83,0.2
L25,05:15,21:00,"['Sonia Alonso Sans', 'Antonia del Gálvez', 'Maricela Bayona', 'Bernardino Juliá Antúnez', 'Elena Vega Uría', 'Teodosio Benavides Caro', 'Flavia Cuervo Nogués']","['Tranvia_67', 'Bus_92', 'Bus_30', 'Bus_88', 'Tranvia_75', 'Bus_88', 'Bus_17']",2.96,0.38
L26,06:00,20:00,"['Cintia Sosa Sastre', 'Marciano Andreu Palacios', 'Isidora Alsina Hervás', 'Martin Calderon Martinez', 'Candelaria Cueto Crespo', 'Francisco Jose Olegario Pascual Navas', 'Maristela Celia Parejo Saavedra', 'Tamara Pino Amores', 'Juana Dominguez Alcolea', 'María Dolores Criado Martínez', 'Natalio Sedano Parra', 'Román de Valcárcel', 'Concha Méndez Aparicio']","['Bus_50', 'Bus_59', 'Bus_11', 'Bus_19', 'Bus_95', 'Bus_25', 'Bus_17', 'Tranvia_64', 'Bus_89', 'Bus_85', 'Bus_22', 'Bus_19', 'Tranvia_38']",1.27,0.38
L27,05:15,23:30,"['Isaura Romeu Coello', 'Fidela de Salgado', 'Régulo Arellano', 'Esmeralda del Mármol', 'Nydia Patricia Vega Fernandez', 'Nacho Jimenez Pérez', 'Guiomar Aparicio']","['Tranvia_19', 'Bus_50', 'Bus_10', 'Bus_57', 'Bus_91', 'Bus_82', 'Bus_90']",1.97,0.39
L28,07:15,23:00,"['Emiliano Piquer Mesa', 'Samanta Castilla Espinosa', 'Isabel Olmo Alsina', 'Íngrid Emma Carbonell Lozano', 'Pánfilo del Bru', 'Alejandro Lloret', 'Raúl Machado Roig', 'Pili Llamas Feijoo']","['Tranvia_69', 'Tranvia_59', 'Bus_52', 'Tranvia_99', 'Tranvia_2', 'Tranvia_38', 'Bus_93', 'Tranvia_66']",1.63,0.34
L29,07:45,21:45,"['Armida Ferreras Roselló', 'Eusebia Soto-Gibert', 'Fausto Esteban Pons Moll', 'Luciana Piñol Verdú', 'Ale Alberto Solsona', 'José Antonio Perea', 'Jorge Cruz Segovia', 'Gabriela Martinez Arias', 'Galo Campoy Solís']","['Tranvia_52', 'Bus_65', 'Bus_78', 'Tranvia_37', 'Bus_62', 'Bus_76', 'Bus_96', 'Tranvia_22', 'Bus_22']",2.09,0.22
L30,06:45,22:45,"['Lola García Acero', 'Valentina del Valls', 'Serafina Franco Almeida', 'María Fernanda Serna Guzmán', 'Tamara Martín Pol', 'Yago Saez Pulido', 'Paulino Ramos Garriga']","['Bus_75', 'Bus_72', 'Tranvia_88', 'Bus_75', 'Tranvia_11', 'Bus_6', 'Bus_1']",1.94,0.4
L31,07:30,23:15,"['Plácido Gallo Bermejo', 'Tecla de Lobo', 'Joan Pizarro Barriga', 'Mariano Gilabert', 'Leticia Donoso-Frutos', 'Edu Sanabria-Miró', 'Fortunata Ramírez Gabaldón', 'Nydia Mirta Alberto Quirós', 'Mamen del Aragonés', 'Marianela Losada Olivé', 'Dionisia Muro Salmerón', 'Raimundo Prat Villegas', 'Narciso Seve Castilla Ortiz', 'Odalys Carlos', 'Coral Aller Ribera', 'Manolo Báez-Carrasco']","['Bus_37', 'Bus_17', 'Bus_52', 'Tranvia_27', 'Bus_63', 'Bus_30', 'Tranvia_27', 'Tranvia_74', 'Bus_9', 'Bus_93', 'Bus_13', 'Tranvia_31', 'Bus_13', 'Bus_33', 'Tranvia_3', 'Tranvia_68']",2.01,0.11
L32,05:45,23:30,"['Sigfrido Virgilio Valenciano Corral', 'Cloe Isabela Cuenca Arteaga', 'Amada Fanny Pi Araujo', 'Albino Zaragoza Montaña', 'Melania Mendizábal Llano', 'Humberto Ferrán Villegas', 'Narciso Franco Gil', 'Micaela Encarnacion Burgos Leal', 'Nayara Checa Arce', 'Julieta Hoyos Oliver', 'Fabiana del Chacón']","['Bus_50', 'Tranvia_30', 'Bus_89', 'Bus_48', 'Tranvia_80', 'Bus_85', 'Tranvia_89', 'Bus_85', 'Bus_14', 'Bus_16', 'Bus_23']",2.93,0.19
L33,06:15,21:30,"['Mariano de Llopis', 'Lorenzo Sastre Cid', 'Socorro del Iglesia', 'Maura Salazar Zorrilla', 'Aránzazu del Teruel', 'Eva Castro-Mata', 'Carlos Iglesias Reguera', 'Victoria Cabañas-Paz', 'Florinda Benito-Zamorano']","['Tranvia_33', 'Bus_69', 'Tranvia_54', 'Bus_46', 'Bus_59', 'Bus_15', 'Tranvia_4', 'Bus_26', 'Bus_72']",2.17,0.45
L34,05:00,22:30,"['David Abellán Pino', 'Itziar Cabeza Bernad', 'Rosalva Neira Pereira', 'Jaime Carvajal Alcázar', 'Iker Ortega Castro', 'Josué Manuel Oliveras Recio', 'Plinio Clemente-Pazos', 'Herberto Borja Luján Hernández']","['Bus_92', 'Bus_31', 'Tranvia_26', 'Bus_35', 'Bus_12', 'Bus_30', 'Bus_72', 'Tranvia_10']",1.09,0.4
L35,05:30,22:45,"['Hilda Canet Elorza', 'Esteban Enrique Bernat Tolosa', 'Otilia Quesada Campillo', 'Arturo de Calderón', 'Narcisa Baños Galiano', 'Amador Abellán-Conesa', 'América Mayol Dávila', 'Amor del Pereira', 'Casandra de Estrada', 'Fortunata Vazquez Hernández', 'Ricardo Sarmiento Madrid']","['Bus_56', 'Tranvia_67', 'Bus_73', 'Tranvia_91', 'Bus_8', 'Tranvia_24', 'Bus_2', 'Tranvia_37', 'Bus_44', 'Bus_36', 'Bus_92']",1.03,0.22
L36,05:15,20:45,"['Hugo Ávila Sacristán', 'Ana Belén Peña Toro', 'Lidia Robles Albero', 'Candelario Gaspar Chamorro Ocaña', 'Daniel Jaén Arroyo', 'Encarnacion Duran Aguirre', 'Lidia Pablo Villalobos', 'Leocadio Nogueira Osuna', 'Lorenzo Pujol Gutierrez', 'Juanito Arco Lobo']","['Bus_38', 'Bus_16', 'Tranvia_89', 'Bus_96', 'Tranvia_17', 'Tranvia_7', 'Bus_61', 'Bus_40', 'Bus_93', 'Bus_39']",2.08,0.45
L37,05:45,22:15,"['Eloy de Noriega', 'Dionisio Carreras Parejo', 'Selena Tomas Guijarro', 'Flora Villa Bou', 'Marc Ortuño-Ferreras', 'José del Reig', 'Ramón de Contreras', 'Curro Pont Lillo', 'Eusebia Borrás Balaguer']","['Tranvia_91', 'Tranvia_4', 'Tranvia_64', 'Bus_26', 'Bus_100', 'Bus_44', 'Tranvia_69', 'Bus_18', 'Bus_62']",2.71,0.36
L38,05:30,20:00,"['Amado Suarez Marqués', 'Julio César Plana', 'Eva Figuerola Terrón', 'Loreto Coello Sotelo', 'Selena Nevado-Múgica', 'Baudelio Clavero Aller', 'Félix Araujo', 'José Luis Ruben Blanca Salvador', 'Ale Gallart']","['Bus_35', 'Bus_31', 'Tranvia_63', 'Bus_22', 'Bus_35', 'Bus_97', 'Tranvia_91', 'Bus_82', 'Bus_38']",1.28,0.1
L39,07:30,22:30,"['Azeneth Castells-Marti', 'Teodoro Nico Alcalde Cuadrado', 'Vicente Villena Ribas', 'Nayara Briones-Pérez', 'Damián Bastida Almazán', 'Encarna Criado Pina', 'Edelmira Arjona Barranco', 'Dan Manzano', 'Viviana Álvaro Borrás', 'Eutimio Ariza Enríquez', 'Raquel Barrio Uriarte']","['Bus_99', 'Bus_11', 'Bus_38', 'Bus_83', 'Bus_51', 'Tranvia_77', 'Bus_72', 'Bus_66', 'Bus_34', 'Tranvia_91', 'Bus_93']",1.49,0.26
L40,05:15,21:30,"['Marina Chaparro Barrera', 'Balduino Calderon Quirós', 'Javier Pablo Vendrell Arnaiz', 'Evelia Baquero Fuentes', 'Bibiana Planas-Benítez', 'Amílcar Pelayo', 'Raúl Pinilla Perea', 'Maite de Tomás', 'Manu del Fajardo', 'Amílcar de Campillo', 'Alba Barragán Barberá']","['Bus_44', 'Bus_78', 'Tranvia_51', 'Bus_42', 'Bus_27', 'Tranvia_63', 'Bus_65', 'Tranvia_51', 'Bus_58', 'Bus_6', 'Bus_34']",1.57,0.23
L41,05:45,21:00,"['Chus Borrego Capdevila', 'Adelardo Garcés Roda', 'Rosalía Campos', 'Ramona Llabrés Rios', 'Loida Puente Palacio', 'Nadia Novoa']","['Bus_24', 'Tranvia_73', 'Bus_77', 'Bus_81', 'Tranvia_51', 'Bus_66']",1.69,0.1
L42,07:15,21:45,"['Esther Clara Torrecilla Ponce', 'Otilia Cerdán Reig', 'Esmeralda Marí Uría', 'Noé Peiró', 'Tiburcio Macías Rocamora', 'Teresita Chacón Amat']","['Bus_79', 'Bus_85', 'Bus_5', 'Tranvia_49', 'Bus_6', 'Bus_71']",2.77,0.36
L43,06:00,23:15,"['Felisa Pozuelo Caparrós', 'María Jesús Barón Fuertes', 'Araceli Almeida', 'Esmeralda Palacio Arias', 'Venceslás Larrea Molins', 'Vera Renata Ferrera Sandoval', 'Selena Flor Soriano', 'Florencia Galvez Oliveras', 'Urbano Martí Farré', 'Cecilio Eutropio Losada Uribe', 'Benigno Iriarte Pozuelo', 'Fabiola Rodriguez Pizarro', 'Rosario Carmona Sotelo']","['Tranvia_3', 'Bus_25', 'Bus_81', 'Bus_97', 'Bus_91', 'Bus_34', 'Bus_85', 'Bus_65', 'Tranvia_16', 'Bus_52', 'Bus_34', 'Bus_96', 'Bus_88']",2.21,0.46
L44,07:00,23:45,"['Matías Belmonte Vera', 'Jose Antonio Salvà Bernad', 'Etelvina Trillo Sosa', 'Celia Estefanía Moles Lasa', 'Marisol Soria', 'Reynaldo Ortuño Marti', 'Eutropio Costa', 'Noa Roman Bermúdez', 'Albina Diego-Mínguez', 'Marino Miranda', 'Aurelio de Viñas', 'Geraldo Álvaro Pombo Toro']","['Bus_100', 'Bus_25', 'Bus_77', 'Bus_74', 'Bus_55', 'Bus_22', 'Bus_38', 'Bus_78', 'Bus_33', 'Bus_90', 'Bus_62', 'Bus_65']",1.13,0.2
L45,05:00,20:30,"['Timoteo Severiano Macías Arcos', 'Severiano de Giralt', 'Eleuterio Leocadio Rey Planas', 'Valeria Guerra Izquierdo', 'Cecilia Torrecilla Juan', 'Jose Luis Ernesto Calzada Piñeiro', 'Laura Luján-Balaguer', 'Eva Baños', 'Ramón Amor Hurtado', 'Ismael Martínez Silva', 'Elena Alvarado Serra', 'Cayetana Tenorio Ayala', 'Teófila del Rios']","['Tranvia_40', 'Bus_30', 'Bus_23', 'Tranvia_95', 'Bus_40', 'Bus_33', 'Bus_3', 'Bus_57', 'Tranvia_35', 'Tranvia_13', 'Bus_14', 'Bus_35', 'Bus_15']",1.3,0.15
L46,06:45,23:30,"['Gloria Rebollo Sarabia', 'Mar Catalán Ariza', 'Hector Huerta Paredes', 'Anastasia Tere Sevilla Larrea', 'Sara Ribera Rey', 'Oriana Prats Pablo', 'Tatiana Quintero Vega', 'Porfirio Donoso Cornejo', 'José Ángel Marin Diez', 'Maximino Bellido Alvarado', 'Jose Luis Alsina Carmona']","['Bus_45', 'Bus_66', 'Bus_51', 'Bus_86', 'Tranvia_89', 'Tranvia_11', 'Bus_36', 'Bus_44', 'Bus_56', 'Bus_39', 'Bus_28']",2.43,0.46
L47,05:30,23:15,"['Aníbal Redondo Nicolau', 'Pancho Camps Llorente', 'Guadalupe del Leon', 'Borja Severo Barceló Garrido', 'Albino del Patiño', 'Susanita Báez Infante']","['Bus_71', 'Bus_99', 'Bus_80', 'Bus_45', 'Tranvia_12', 'Bus_62']",1.62,0.19
L48,07:00,21:00,"['Jose Ramón Castellanos Calderón', 'Purificación Díez Sabater', 'Aurelio Álvaro Cañizares', 'Pilar Perales Gelabert', 'Yésica Garcia Colomer', 'Aurelio Valdés Villena', 'Tomás del Guardia', 'Modesta Huerta']","['Bus_91', 'Bus_89', 'Tranvia_13', 'Tranvia_76', 'Tranvia_43', 'Bus_42', 'Bus_92', 'Bus_54']",1.77,0.15
L49,06:00,23:15,"['Candelas Mayoral', 'Maristela Vazquez Velázquez', 'Guadalupe Sebastián-Rovira', 'Priscila Aragonés Sanmartín', 'Gustavo Puga Cazorla', 'Apolinar Prudencio Valenzuela Bonet', 'Ciriaco Rivero Anglada']","['Tranvia_47', 'Bus_16', 'Bus_5', 'Tranvia_39', 'Bus_92', 'Tranvia_75', 'Bus_94']",1.58,0.45
L50,07:45,22:15,"['Azahara Ramón Crespo', 'Gervasio del Rosa', 'Rosalinda Valeria Pareja Escamilla', 'Purificación Piñeiro Calatayud', 'Nilda del Bauzà', 'Soraya Castellanos', 'Alonso Heras Chaves', 'Lilia Blazquez Cerdán', 'Teresita Millán-Salazar', 'Olga del Esparza', 'Brunilda Garzón Jove', 'Filomena Segura Exposito', 'Josué Echevarría Alsina', 'Florinda Soria-Huguet', 'Angélica Bello-Castellanos', 'Sandra Zurita Somoza', 'Glauco Amando Garcia Peñalver']","['Bus_90', 'Bus_43', 'Bus_56', 'Bus_61', 'Bus_73', 'Tranvia_17', 'Bus_34', 'Tranvia_87', 'Bus_63', 'Bus_26', 'Bus_27', 'Bus_87', 'Bus_82', 'Bus_85', 'Tranvia_47', 'Bus_58', 'Bus_67']",1.96,0.44
L51,07:30,21:30,"['Lorenza Navarro-Benavent', 'Rosenda Nuñez Ureña', 'Norberto Canet-Roldan', 'Dorita Badía Valdés', 'Luís de Pazos', 'Ismael Ferrández Montserrat', 'Rosario Diego Fernandez', 'Óscar Ferrer Crespo', 'Francisco Jose Tamarit Benítez', 'Eloísa Gelabert']","['Bus_38', 'Tranvia_16', 'Tranvia_52', 'Bus_49', 'Bus_3', 'Bus_64', 'Bus_48', 'Bus_45', 'Bus_53', 'Bus_40']",1.89,0.28
L52,05:15,21:15,"['Lorenza Flores Martinez', 'Francisco de Andreu', 'Maricela Noa Ramirez Pou', 'Lola Madrigal Pinilla', 'Ariadna de Zurita', 'Milagros Rocío Pallarès Español', 'Leoncio Ordóñez-Guardiola', 'María Teresa Herrero Castrillo', 'Natanael Asdrubal Gargallo Cuenca', 'Ignacia Zapata Alvarado', 'Virgilio del Jimenez', 'Encarna Lara Azcona']","['Tranvia_8', 'Bus_17', 'Tranvia_11', 'Bus_97', 'Bus_46', 'Tranvia_85', 'Bus_19', 'Tranvia_92', 'Bus_37', 'Bus_70', 'Bus_40', 'Bus_92']",2.08,0.26
L53,07:45,23:15,"['Jose Miguel Dimas Palomar Valdés', 'Marianela Paniagua', 'Armida Solera Palacios', 'Anna Evita Valderrama Daza', 'Nico Alsina Silva', 'Ricardo Lledó', 'Chus Cadenas-Escolano', 'Javiera Martí Quirós', 'Álvaro Isaías Guitart Villa', 'Alejo Arribas Agullo']","['Bus_28', 'Bus_75', 'Tranvia_55', 'Tranvia_39', 'Bus_84', 'Tranvia_3', 'Bus_90', 'Bus_81', 'Bus_9', 'Bus_85']",2.39,0.19
L54,07:30,23:00,"['Jesusa Aragón Pedrosa', 'Armando Torrens Leiva', 'Bernarda Francisco Palomino', 'Bruno Company Marin', 'Irma Barceló Cañellas', 'Venceslás Redondo Revilla', 'Plinio Garmendia Marin']","['Bus_23', 'Bus_32', 'Bus_35', 'Tranvia_52', 'Bus_81', 'Bus_50', 'Bus_59']",2.61,0.2
L55,05:15,23:00,"['Verónica Juanita Sáenz Camps', 'Ernesto Rosales Busquets', 'Candelario Amor Urrutia', 'Onofre Fabio Ballesteros Gómez', 'Isidoro Alegria Prado', 'Simón Cerro Nadal', 'Lázaro Cal Macías']","['Bus_5', 'Tranvia_15', 'Tranvia_42', 'Tranvia_29', 'Tranvia_96', 'Tranvia_38', 'Bus_100']",1.25,0.15
L56,06:00,20:15,"['Juanito Villalba Garay', 'Wilfredo Benjamín Dalmau Valero', 'Jenaro Verdejo', 'Lino Pablo Ruiz', 'Teófilo Angulo-Larrañaga', 'Clotilde Escribano', 'Maximiano Cuervo', 'Pili Valenciano Otero', 'Toni Toni Leon Carmona']","['Tranvia_42', 'Tranvia_22', 'Tranvia_79', 'Tranvia_38', 'Tranvia_49', 'Bus_32', 'Bus_19', 'Bus_90', 'Bus_86']",1.23,0.43
L57,06:15,23:00,"['Araceli Donaire Aller', 'Elías Morcillo Manuel', 'Violeta Amo-Alberola', 'Alfonso Tamayo Lasa', 'Catalina Visitación Nicolás Sacristán', 'Brunilda Azucena Lasa González', 'Evaristo Antón Quintanilla']","['Bus_67', 'Bus_81', 'Bus_16', 'Bus_45', 'Bus_18', 'Tranvia_15', 'Bus_33']",1.2,0.23
L58,06:30,23:45,"['Julio César de Moliner', 'Leocadia Lorenza Santiago Salmerón', 'Loida Cuervo Tello', 'Rosario Cal Agullo', 'Xiomara Lerma-Atienza', 'Humberto Casanova-Vargas', 'Ulises Ferrándiz', 'Mercedes Paula Guijarro Goicoechea', 'Marcos Aguilera']","['Bus_60', 'Tranvia_85', 'Bus_48', 'Tranvia_11', 'Tranvia_51', 'Bus_52', 'Bus_88', 'Bus_74', 'Bus_6']",2.32,0.17
L59,05:30,23:45,"['Irene Heras Garay', 'Mohamed Morales Padilla', 'Adelia Maestre Molina', 'Ezequiel Bosch-Cabezas', 'Antonia Ferrando Escribano', 'Josefina del Figueras']","['Bus_38', 'Bus_36', 'Bus_41', 'Tranvia_60', 'Bus_12', 'Tranvia_69']",1.32,0.5
L60,06:15,23:15,"['Genoveva Mas-Gascón', 'Leonardo Belmonte', 'Sonia Garay Pons', 'Amalia Macías Tomé', 'Luna del Iniesta', 'Augusto Iker Lozano Pintor']","['Bus_7', 'Bus_12', 'Bus_95', 'Bus_74', 'Bus_77', 'Bus_30']",1.9,0.35
L61,07:30,23:00,"['María Luisa Marquez-Jáuregui', 'Teodoro Baeza Miguel', 'Aránzazu Águila', 'Jenaro Paniagua Nuñez', 'Benito Carreras', 'Amelia Piquer', 'Eladio Segarra Vilaplana', 'Simón Vaquero Duarte']","['Bus_5', 'Bus_33', 'Tranvia_50', 'Bus_88', 'Tranvia_26', 'Bus_34', 'Bus_67', 'Bus_23']",1.19,0.36
L62,06:45,22:30,"['Paulino Casares Clemente', 'Albert Campoy', 'Celso Peñalver', 'Ignacia Sala Landa', 'Lalo Lumbreras Ángel', 'María Del Carmen Vigil Llorente', 'Amarilis Viñas Manrique', 'Josefina Arranz Bautista', 'Jose Luis Millán-Cazorla', 'Valeria Arjona', 'Emiliano Armengol Alcalde']","['Tranvia_98', 'Bus_15', 'Tranvia_40', 'Bus_45', 'Bus_28', 'Bus_26', 'Bus_84', 'Tranvia_14', 'Bus_33', 'Tranvia_78', 'Bus_98']",2.0,0.27
L63,05:15,23:45,"['Rodrigo Albero Enríquez', 'Purificación Caparrós Collado', 'Julián Guerra Diaz', 'Gema Cervantes-Águila', 'Josué Batalla Almazán', 'Reynaldo Bustos Ponce', 'Julia Gil Pintor', 'Xiomara Murillo Mir', 'Teodoro Montesinos Girón']","['Bus_23', 'Bus_59', 'Tranvia_56', 'Tranvia_13', 'Tranvia_25', 'Bus_57', 'Tranvia_60', 'Bus_86', 'Tranvia_72']",1.01,0.46
L64,06:15,20:30,"['María del Falcó', 'Poncio Valenzuela Garcés', 'Salomé Sebastián-Torrents', 'Asdrubal Heraclio Sanabria Alcalde', 'Lino Fabra Carro', 'Malena Sáez Borja', 'Heliodoro Rosado Seco', 'Pablo del Montes', 'Margarita Gual Berenguer', 'Aníbal Casal Linares']","['Tranvia_53', 'Bus_28', 'Tranvia_10', 'Tranvia_48', 'Bus_70', 'Bus_77', 'Bus_60', 'Bus_92', 'Tranvia_76', 'Bus_58']",1.3,0.15
L65,05:00,22:30,"['Amalia de Fuente', 'Silvio Federico Borrell Cantón', 'Simón Milla Losa', 'Donato Monreal Galiano', 'Alberto Giménez', 'Maricela Fuentes Porta', 'Pedro Cabeza Laguna', 'Gonzalo de Rius', 'Amílcar de Fortuny', 'Olivia Figueras-Orozco', 'Prudencio Bonilla Somoza']","['Bus_60', 'Bus_16', 'Bus_69', 'Bus_41', 'Tranvia_77', 'Tranvia_55', 'Tranvia_29', 'Bus_67', 'Bus_39', 'Tranvia_41', 'Bus_46']",2.66,0.12
L66,06:15,23:15,"['Fabricio Villa', 'Ainara Calvo Barros', 'Mirta Olga Cepeda Pareja', 'Cándido Noguera-Fiol', 'Carmen Edelmira Bustos Terrón', 'Lucía Valera', 'Edu Baeza Leiva', 'Delfina Tovar-Becerra', 'Aránzazu Díez Bilbao', 'Raúl Pozuelo Cózar']","['Bus_25', 'Bus_44', 'Bus_86', 'Bus_100', 'Bus_10', 'Bus_59', 'Bus_71', 'Bus_34', 'Bus_98', 'Tranvia_2']",1.67,0.26
L67,06:00,20:15,"['Teresa Feliciana Lago Vidal', 'Chucho Baños', 'Xiomara Puerta-Gordillo', 'Ainoa Piñeiro-Guerrero', 'Rodrigo Jimenez Diaz', 'Bernarda Flor Quevedo', 'Gloria Juanita Aramburu Giménez', 'Marisela Valera Torrijos']","['Bus_87', 'Bus_17', 'Bus_78', 'Bus_28', 'Bus_93', 'Tranvia_65', 'Bus_86', 'Bus_40']",1.95,0.14
L68,07:30,21:45,"['Marianela Eva Baró Carmona', 'Jose Angel Meléndez', 'Herminio Beltrán Quintero', 'Marcio de Esteban', 'Benigno Cervantes Giralt', 'Curro de Morillo', 'Félix Cuenca-Royo', 'Eutropio Céspedes Vara', 'Rosalva Ureña Artigas', 'Victorino Cabeza', 'Malena Gomila Crespi']","['Bus_96', 'Bus_64', 'Bus_93', 'Bus_28', 'Bus_57', 'Bus_36', 'Bus_66', 'Bus_32', 'Tranvia_82', 'Bus_40', 'Tranvia_32']",1.14,0.43
L69,06:15,23:45,"['María del Saavedra', 'Teobaldo Álamo', 'Benita Estefanía Gracia Palomino', 'Valerio Sotelo Ferrando', 'Xavier Arcos Benet', 'Victor Bertrán Alsina', 'Ciríaco Llanos Piñeiro', 'Germán Manzanares Suarez', 'Luis Miguel Ferrando Moll', 'Asunción Pallarès Cabrero', 'Luis Ángel Solé Tamarit', 'Rosendo Salas-Becerra', 'Aitor Vallés Ayala', 'Teresita Vendrell-Coll', 'Carolina Gómez Barrios', 'Josefina del Alsina', 'Teodoro Montesinos Frías']","['Tranvia_77', 'Bus_8', 'Bus_6', 'Bus_22', 'Bus_52', 'Tranvia_36', 'Bus_18', 'Tranvia_38', 'Bus_85', 'Bus_71', 'Tranvia_52', 'Tranvia_47', 'Tranvia_27', 'Bus_82', 'Bus_98', 'Bus_100', 'Tranvia_94']",1.23,0.34
L70,05:45,23:30,"['Gisela Carmona Herranz', 'Augusto Ojeda Calzada', 'Curro Arnau Carranza', 'Isaac Correa Sastre', 'Melania Cuadrado Barreda', 'Ignacio del Cuevas', 'Pancho Arnal Cañellas', 'Felisa de Checa', 'Martina de Giménez', 'Florencio Blázquez Aguilera', 'Julián Che Atienza Marco', 'Camilo Telmo Prats Cases', 'Eusebia Vidal Romeu']","['Bus_53', 'Bus_50', 'Bus_75', 'Bus_84', 'Tranvia_49', 'Bus_52', 'Bus_44', 'Bus_78', 'Bus_77', 'Bus_100', 'Tranvia_89', 'Bus_35', 'Bus_19']",1.73,0.24
L71,05:00,21:15,"['José Mari Sosa Solsona', 'Dorita Lloret Tello', 'Griselda de Gonzalez', 'Lucía Valls Cózar', 'Encarna Malo', 'Claudia Delgado Hoyos', 'Lalo Llopis Godoy', 'Leoncio Villalonga Peinado', 'Isidoro Riba Roda', 'Loreto Benjamín Domínguez Español', 'León Sanabria']","['Bus_69', 'Bus_65', 'Bus_22', 'Tranvia_57', 'Tranvia_74', 'Tranvia_42', 'Bus_46', 'Bus_26', 'Bus_26', 'Bus_33', 'Bus_43']",2.72,0.38
L72,07:45,22:30,"['Yaiza del Sosa', 'Wilfredo Vera-Caro', 'Balduino del Luque', 'Luis Miguel Parra-Palau', 'Sarita Garrido Garcia', 'María Pilar Borrego Pablo', 'Bernarda Moreno-Tello', 'Encarnacion Goñi Casas', 'Mario Lobato Ponce']","['Bus_34', 'Tranvia_98', 'Bus_51', 'Tranvia_77', 'Tranvia_39', 'Bus_80', 'Tranvia_25', 'Tranvia_11', 'Bus_71']",1.63,0.29
L73,07:45,20:30,"['Aitana Lilia Quevedo Rivas', 'Jonatan Timoteo Barceló Mir', 'Elpidio Trinidad Moreno Llorens', 'Lucio Armas Vendrell', 'Caridad Guillen Arenas', 'Jenny Valencia Salinas', 'Abilio del Correa']","['Bus_53', 'Bus_65', 'Tranvia_86', 'Bus_8', 'Bus_30', 'Tranvia_98', 'Bus_4']",2.86,0.25
L74,06:15,23:45,"['Albert Agudo Alegria', 'Fausto Manuel Escrivá', 'Eufemia Codina Avilés', 'Lourdes Olga Ruiz Barroso', 'Dalila Tena Paz', 'Milagros Tolosa Salcedo', 'Jose Ramón Cabello-Capdevila']","['Bus_25', 'Bus_47', 'Tranvia_44', 'Bus_70', 'Tranvia_23', 'Bus_86', 'Bus_68']",2.5,0.46
L75,06:45,22:45,"['Emperatriz Company', 'Reyes Salmerón Blasco', 'Chema Cervantes Garriga', 'Jose del Bernad', 'Cristian del Pomares', 'Dorotea Leyre Valderrama Echevarría', 'Mateo Américo Escamilla Cueto']","['Bus_8', 'Tranvia_28', 'Bus_88', 'Bus_53', 'Bus_53', 'Bus_76', 'Tranvia_19']",2.31,0.29
L76,05:00,21:45,"['Rufino Morante Luna', 'Brunilda Castilla Agudo', 'Camila Oliva Cadenas', 'José María Torrent', 'Felisa Roselló Azorin', 'Moreno Mora Nevado', 'Fermín Giménez', 'Marita Peinado Lucas', 'Alejandro Tejada Grande', 'Berto Chaves Moraleda']","['Tranvia_38', 'Bus_47', 'Tranvia_24', 'Bus_81', 'Bus_34', 'Bus_82', 'Tranvia_14', 'Tranvia_69', 'Bus_28', 'Bus_96']",1.28,0.49
L77,07:45,22:00,"['Julieta de Gallart', 'Ciríaco Ciríaco Ureña Zapata', 'Irene Olivares-Zurita', 'Maximiliano Ricart Blanch', 'Graciela Ballesteros Casas', 'Victor Gibert-Moliner', 'Victoriano Rodriguez-Lorenzo', 'Fidela Gascón Acero', 'Baudelio Sales Echeverría']","['Tranvia_95', 'Bus_41', 'Bus_18', 'Tranvia_72', 'Tranvia_17', 'Bus_25', 'Bus_3', 'Bus_100', 'Bus_68']",1.98,0.47
L78,05:30,22:15,"['Valero Tomé Pareja', 'Bernardo Enríquez Arregui', 'Ligia Acedo Taboada', 'Emigdio Vicens Colom', 'Amparo Quiroga Lucas', 'Amanda de Benavent', 'Curro Ugarte Heredia']","['Tranvia_45', 'Bus_8', 'Tranvia_88', 'Bus_73', 'Bus_94', 'Tranvia_96', 'Bus_37']",1.09,0.37
L79,07:15,23:30,"['Rosenda Palacios Barberá', 'Benigna Muro Santiago', 'Maricruz de Benitez', 'Isaura Vera Samper', 'Manuelita Vilaplana Bravo', 'Otilia Guzman Palomares', 'Felix Bernabé Tenorio Guitart', 'Andrea Amelia Muñoz Otero', 'María Pilar Guillén Fernandez']","['Tranvia_9', 'Tranvia_26', 'Bus_26', 'Bus_1', 'Bus_81', 'Bus_70', 'Bus_81', 'Bus_84', 'Bus_37']",2.62,0.12
L80,07:30,22:30,"['Martin Baños Corral', 'Fidel Puente Escobar', 'Vito Sans Muñoz', 'Germán Cobos', 'Edelmiro Jover Romeu', 'Bruno Ugarte Coronado', 'Matilde Peral Bauzà', 'Daniel Bayona', 'Lalo Tolosa Amador', 'Eugenia Naranjo']","['Tranvia_50', 'Bus_72', 'Tranvia_83', 'Bus_39', 'Bus_16', 'Tranvia_59', 'Bus_97', 'Bus_43', 'Bus_82', 'Bus_16']",1.26,0.49
L81,07:45,22:00,"['Angelina Gonzalo', 'Anastasio Vergara', 'Hortensia de Aller', 'Araceli Pizarro Barrera', 'Patricia Clavero Enríquez', 'Emma Puga Aragonés', 'América Loreto Palmer Villegas']","['Bus_70', 'Tranvia_47', 'Bus_33', 'Tranvia_77', 'Tranvia_3', 'Tranvia_18', 'Bus_47']",2.69,0.32
L82,05:00,21:15,"['Azahar Robledo Castañeda', 'Matías Ordóñez Rodriguez', 'Pedro Chamorro', 'Hortensia Gonzalo Gómez', 'Régulo Lastra Alcolea', 'Tiburcio Manso Casado', 'Bernarda Ferrán Mayo']","['Bus_35', 'Bus_24', 'Tranvia_25', 'Bus_50', 'Tranvia_1', 'Tranvia_20', 'Bus_7']",2.61,0.42
L83,06:00,23:30,"['Victoriano Benitez Carrera', 'Moisés Querol Escribano', 'Fito Castrillo Clemente', 'Feliciano Cornejo Tapia', 'María Ángeles Liliana Múñiz Espejo', 'Jose Ramón Tejero Manjón', 'Nicanor Tomás Mena', 'Isidro Vito España Quintanilla']","['Bus_59', 'Bus_48', 'Bus_15', 'Bus_84', 'Tranvia_74', 'Tranvia_22', 'Bus_60', 'Bus_29']",2.74,0.42
L84,07:15,23:00,"['Isa Huguet Heras', 'Concepción Talavera Rosales', 'Benita Crespi Vera', 'Ciríaco Rovira Navarro', 'Gil Pablo', 'Andrés Felipe Toro Bastida', 'Juan Dominguez Daza', 'Anastasia Cózar Solano', 'Jordán de Gonzalo', 'Alonso Canals Fernandez', 'Florentino Nogueira Menéndez', 'María Jesús Méndez-Hoz']","['Tranvia_96', 'Bus_84', 'Bus_70', 'Bus_48', 'Bus_33', 'Bus_40', 'Bus_33', 'Bus_60', 'Bus_78', 'Bus_96', 'Bus_9', 'Bus_48']",1.4,0.34
L85,05:30,20:15,"['Luis Rojas Andrade', 'Cebrián Campoy-Aznar', 'Melisa Poza', 'Teodoro Montserrat Pomares', 'Roxana Rosell Baró', 'Ariadna Aparicio-Santamaria', 'Carmen de Arranz', 'Édgar Echevarría Tovar', 'Marcelo Carrera-Montserrat', 'Marisela Cerdá Cózar', 'Ainara Ponce Talavera', 'Vinicio Arenas-Agullo', 'Victoria Niño Gil']","['Bus_80', 'Bus_92', 'Bus_50', 'Bus_35', 'Tranvia_60', 'Bus_86', 'Tranvia_59', 'Tranvia_1', 'Bus_47', 'Tranvia_37', 'Bus_37', 'Tranvia_3', 'Tranvia_81']",2.91,0.48
L86,07:30,21:45,"['Ana Valera', 'Albert Cadenas Aguirre', 'Elena Prats Pla', 'Dionisio Guzmán Llanos', 'Cosme del Comas', 'Iris Diéguez Armengol', 'Xiomara Peña Redondo', 'Judith Montalbán', 'Víctor Valcárcel Leon', 'Sebastian Alcalde Alcázar', 'Marita Seco Cordero', 'Liliana Amor-Montesinos', 'Pilar Alcázar Castillo', 'Marco Vicens Beltrán', 'Fermín del Cantero']","['Bus_47', 'Tranvia_28', 'Bus_40', 'Tranvia_21', 'Bus_65', 'Bus_6', 'Tranvia_91', 'Tranvia_68', 'Bus_3', 'Bus_89', 'Bus_40', 'Tranvia_26', 'Tranvia_12', 'Bus_81', 'Bus_3']",1.76,0.39
L87,07:00,22:15,"['Che Ramírez-Vizcaíno', 'María Del Carmen Guerra Cano', 'Montserrat Barba Miranda', 'Berto Humberto Pou Ríos', 'Ariel Alemán Pulido', 'Amado Villalonga Alcolea', 'Pepito Vélez López', 'Rosalva Donoso Cruz', 'Delfina Ayuso Marcos', 'Aureliano Boix Muñoz']","['Bus_1', 'Bus_50', 'Tranvia_74', 'Bus_28', 'Bus_96', 'Bus_100', 'Bus_17', 'Tranvia_84', 'Tranvia_90', 'Bus_64']",2.53,0.31
L88,07:00,22:00,"['Cruz Cañas-Noguera', 'José María Sarmiento Castillo', 'Luciana Conde', 'Victor Manuel Roig Uribe', 'Fausto Dalmau Baños', 'Luis Miguel Catalá Salgado', 'Wilfredo Yuste Ríos', 'Pánfilo Batlle Frías', 'César Ezequiel Verdugo Huguet', 'Francisca Ramírez Espejo', 'Teo Blanch Puente']","['Bus_91', 'Bus_73', 'Bus_39', 'Bus_25', 'Tranvia_56', 'Tranvia_3', 'Tranvia_100', 'Tranvia_30', 'Bus_48', 'Tranvia_42', 'Bus_74']",1.35,0.44
L89,05:45,21:00,"['Sergio Menéndez Ribas', 'Rebeca Beltrán Valencia', 'Silvio Alba-Lillo', 'Candelario de Amat', 'Carmela Batalla Olivares', 'Rosario Jimenez-Patiño', 'Francisco Javier Soler-Belda', 'Paola Arce Marí', 'Armida Gelabert-Serrano', 'Chelo Menéndez Nieto', 'Chus Sarmiento Zamorano', 'Dorotea Larrea Tovar']","['Tranvia_64', 'Bus_100', 'Bus_35', 'Tranvia_27', 'Bus_94', 'Tranvia_98', 'Bus_74', 'Bus_26', 'Tranvia_8', 'Tranvia_53', 'Bus_83', 'Tranvia_69']",1.38,0.18
L90,05:30,23:30,"['Paola Luna', 'Rebeca Estrada Garcia', 'Raúl Godoy Carballo', 'Fidel Amo Ferrández', 'Candelas Riba Sierra', 'Eligia Rios Pujadas', 'Nieves Valle León', 'Lucho Herranz Sancho', 'Noé Rodrigo Pineda Carreño', 'Emelina Madrid Rueda', 'Mireia Pomares', 'Merche Juliana Arnau Escudero']","['Bus_52', 'Bus_40', 'Bus_36', 'Tranvia_39', 'Bus_25', 'Bus_59', 'Bus_22', 'Tranvia_44', 'Tranvia_8', 'Bus_27', 'Bus_38', 'Tranvia_88']",2.82,0.36
L91,06:15,21:15,"['Dimas Lamas Córdoba', 'Albino Baró Salazar', 'León Méndez Sarabia', 'Feliciano Aureliano Cobo Zurita', 'Gracia Cid Miró', 'Santos Espinosa Pont', 'Rafael Arrieta Gascón', 'Sandra Palmer', 'María Carmen Ayuso Fonseca', 'Jose Angel Borrego']","['Bus_79', 'Tranvia_67', 'Tranvia_53', 'Tranvia_59', 'Bus_99', 'Tranvia_3', 'Bus_99', 'Bus_92', 'Bus_45', 'Bus_63']",2.34,0.34
L92,05:15,22:00,"['Néstor Bertrán-Barbero', 'Custodio Pedraza Francisco', 'Andrés Felipe Soria Diaz', 'Juan Carlos Díaz Bartolomé', 'Victoriano León Adán', 'Arturo Ropero', 'Griselda Domingo Colomer', 'Lorenza Cánovas-Armengol', 'Encarnita Sales Campos', 'Abigaíl Miralles Morillo', 'Otilia Mateu Jódar', 'Juan Pablo del Maza', 'Camilo Pascual Rivas']","['Tranvia_27', 'Tranvia_85', 'Bus_26', 'Bus_35', 'Tranvia_75', 'Bus_53', 'Bus_65', 'Bus_22', 'Bus_2', 'Tranvia_38', 'Bus_41', 'Bus_60', 'Bus_61']",2.81,0.31
L93,05:15,22:45,"['Toni Bernal-Guerrero', 'Encarnita Rey Valcárcel', 'Rita Barrios Acedo', 'Pepe Sanmiguel Burgos', 'Custodio Salcedo Gutierrez', 'Domingo de Pons', 'Encarnacion Quintana-Pérez', 'Amparo Valls Carballo', 'Porfirio Mosquera', 'Yaiza Cueto Goicoechea', 'Octavia Garrido Seco']","['Tranvia_70', 'Bus_21', 'Bus_60', 'Tranvia_92', 'Bus_78', 'Bus_92', 'Tranvia_34', 'Tranvia_5', 'Tranvia_10', 'Tranvia_83', 'Bus_22']",2.18,0.47
L94,07:30,23:15,"['Alfredo Linares Naranjo', 'Lope Cabello Arenas', 'Olimpia Simó Canet', 'Loreto Montserrat Vaquero', 'María Carmen Nogueira Llopis', 'Felipa del Silva', 'Jose Miguel Bonifacio Bravo Ferreras', 'Víctor Juan Antonio Fuster Agudo', 'Efraín Montoya Alberola', 'Roberta Zaragoza Pera', 'Natividad Olivera Cantero']","['Bus_86', 'Bus_30', 'Tranvia_56', 'Tranvia_55', 'Bus_48', 'Bus_74', 'Tranvia_29', 'Bus_55', 'Bus_98', 'Bus_60', 'Bus_54']",1.56,0.13
L95,07:15,23:15,"['Adelardo Sáez', 'Jorge Hernández-Borrego', 'Quique Llanos-Marqués', 'Manu del Chamorro', 'Victoriano Aguilera-Batlle', 'Tecla Arnaiz Sáenz', 'Macario Cirino Prieto Sabater', 'Remigio Trillo Marcos', 'Ovidio Nicolau', 'Rafa Cabezas Puga', 'Candela Méndez Dueñas', 'Amelia Molina']","['Tranvia_54', 'Bus_29', 'Bus_92', 'Bus_78', 'Bus_53', 'Bus_12', 'Tranvia_10', 'Tranvia_5', 'Tranvia_55', 'Tranvia_8', 'Tranvia_1', 'Bus_33']",2.75,0.48
L96,06:15,20:15,"['Benigna Asensio Alemán', 'Fernando Gutiérrez Ramirez', 'Ezequiel Enríquez Hernando', 'Lino Cabañas Plaza', 'Hector Bayón', 'Iris Villalba Machado']","['Tranvia_60', 'Bus_73', 'Bus_78', 'Bus_69', 'Bus_1', 'Tranvia_82']",2.05,0.46
L97,07:30,22:15,"['Carla Doménech Fajardo', 'Rufino Camino Robledo', 'Nicolasa Balaguer-Cánovas', 'Obdulia Donoso Carreño', 'Benito Casares Ochoa', 'Palmira Mendizábal Reyes', 'Nerea Morales Atienza', 'Teodoro del Rosales', 'Apolonia Irma Jordán Ballester', 'Narciso Rodrigo Bosch', 'Otilia Belmonte Viana', 'Leandro del Ferrando']","['Bus_58', 'Bus_75', 'Bus_87', 'Tranvia_1', 'Bus_59', 'Bus_16', 'Bus_35', 'Bus_88', 'Tranvia_98', 'Bus_75', 'Bus_18', 'Bus_44']",1.21,0.29
L98,07:00,20:45,"['Gregorio Rovira Vicens', 'Gabriela Arteaga Chaves', 'Leonel Casado Guzmán', 'Che Palmer Casanova', 'Trinidad Monreal Benavent', 'Filomena Menéndez Piña', 'Berta Téllez Sáez', 'Ascensión Lledó Ramírez', 'Sabas Soriano-Roldán', 'Jose Miguel Granados', 'Dafne Mayol Galán', 'Cruz Gallo Sanmiguel', 'Anna Palacios Porta', 'Pascual del Posada', 'Jovita Menéndez Cuéllar', 'Julie Pomares Exposito']","['Bus_99', 'Bus_94', 'Bus_15', 'Bus_78', 'Tranvia_18', 'Tranvia_89', 'Bus_83', 'Bus_19', 'Bus_72', 'Tranvia_37', 'Bus_73', 'Tranvia_88', 'Bus_39', 'Bus_35', 'Bus_92', 'Bus_89']",2.03,0.49
L99,05:30,23:45,"['Marino Salvador-Llamas', 'Cayetano Rómulo Diego Falcón', 'Adora Solís Piña', 'Florinda Coca Abril', 'Jenaro Mendez Arroyo']","['Bus_24', 'Bus_39', 'Bus_55', 'Bus_60', 'Tranvia_93']",2.67,0.49
L100,07:15,22:15,"['Adelia de Calderon', 'Francisca Guardiola Sureda', 'Remedios Santamaria Diez', 'Florentina Oliver-Ortuño', 'Ximena de Hierro', 'Genoveva Casado Bejarano', 'María Manuela Mendez Corominas', 'Martin Llano Blázquez', 'Mauricio Casado Codina']","['Tranvia_9', 'Bus_94', 'Tranvia_1', 'Tranvia_75', 'Bus_32', 'Tranvia_29', 'Bus_66', 'Bus_66', 'Bus_94']",1.48,0.4
