linea,hora_inicio,hora_fin
1,Tranvia_41,L25,1.75,2015-06-29 19:36:47
2,Bus_18,L64,1.5,2023-10-24 04:19:36
3,Tranvia_11,L5,2.0,2011-05-26 00:59:03
4,Bus_10,L53,1.5,2001-06-30 00:57:13
5,Tranvia_45,L4,1.5,1980-08-01 17:37:16
6,Bus_32,L85,1.75,2012-03-18 00:32:52
7,Tranvia_32,L90,1.5,1974-09-14 04:04:47
8,Tranvia_41,L78,1.75,1976-04-25 15:00:40
9,Bus_5,L59,1.25,2004-06-21 13:26:21
10,Tranvia_89,L62,1.5,2013-10-20 01:19:45
11,Bus_58,L42,1.75,1977-04-11 13:22:34
12,Bus_98,L46,2.0,2017-12-29 22:01:08
13,Tranvia_11,L86,1.25,2001-08-14 21:27:21
14,Bus_78,L56,1.5,1975-04-08 20:54:47
15,Bus_53,L65,1.5,2001-12-10 17:29:49
16,Bus_80,L95,1.25,1987-06-25 09:52:07
17,Bus_57,L2,1.25,1977-12-01 21:14:21
18,Tranvia_24,L78,1.25,2006-04-24 14:01:55
19,Tranvia_79,L94,1.0,1983-01-05 10:46:57
20,Bus_44,L54,2.0,1996-01-31 02:33:41
21,Bus_6,L69,1.0,2024-03-31 12:41:53
22,Tranvia_62,L61,2.0,1978-05-02 01:40:29
23,Tranvia_87,L18,1.25,2008-07-04 21:04:36
24,Tranvia_97,L8,2.0,1988-01-03 18:25:28
25,Tranvia_29,L39,1.0,2002-05-22 23:57:38
26,Tranvia_43,L19,1.25,2000-05-24 01:02:33
27,Tranvia_40,L55,1.25,2007-09-27 11:15:56
28,Bus_42,L5,1.5,2019-07-07 05:03:41
29,Bus_75,L42,1.75,1991-01-30 18:49:27
30,Tranvia_84,L49,2.0,2012-09-13 10:30:02
31,Tranvia_52,L74,2.0,2019-05-09 20:56:30
32,Tranvia_5,L89,2.0,1986-02-26 07:14:08
33,Bus_86,L15,1.25,1980-10-05 15:16:07
34,Tranvia_18,L5,1.5,1977-02-17 22:20:45
35,Bus_93,L70,1.75,1970-08-21 13:55:23
36,Tranvia_64,L95,1.25,1994-07-16 06:21:55
37,Bus_27,L17,2.0,1995-07-09 06:19:53
38,Bus_20,L71,1.75,2024-07-15 00:10:47
39,Tranvia_56,L15,1.0,2006-04-29 13:19:34
40,Tranvia_66,L19,1.0,2009-04-30 11:02:38
41,Tranvia_74,L87,1.0,2004-11-06 13:51:18
42,Tranvia_6,L5,1.0,2020-01-31 11:27:34
43,Bus_80,L15,1.0,1975-12-19 07:53:44
44,Tranvia_55,L29,1.0,2007-05-29 04:47:53
45,Bus_14,L42,1.75,1980-07-28 09:58:25
46,Bus_31,L14,1.0,1991-09-03 18:34:51
47,Bus_67,L82,1.5,1989-07-27 14:35:24
48,Bus_47,L22,1.75,1983-12-22 00:34:42
49,Tranvia_30,L92,1.5,1990-06-17 08:35:36
50,Tranvia_36,L49,1.75,2011-09-08 17:41:49
51,Tranvia_21,L71,1.0,2012-02-24 16:06:28
52,Tranvia_65,L33,2.0,1992-10-18 23:26:32
53,Tranvia_8,L58,1.75,1976-12-06 23:16:08
54,Tranvia_62,L63,1.5,1994-11-04 18:20:24
55,Tranvia_11,L40,1.75,1978-07-01 13:03:32
56,Bus_55,L70,2.0,2001-12-02 05:30:19
57,Bus_60,L64,2.0,1972-06-23 13:07:05
58,Tranvia_66,L47,1.0,1989-02-05 00:19:32
59,Bus_72,L8,1.5,1977-07-25 11:54:26
60,Bus_36,L29,1.25,1970-05-08 15:57:35
61,Bus_95,L83,1.25,1995-08-27 20:08:29
62,Tranvia_83,L92,1.5,1972-09-16 05:41:42
63,Tranvia_48,L3,1.75,1983-07-05 13:07:57
64,Bus_80,L46,1.25,2020-05-04 02:13:16
65,Bus_79,L66,2.0,1970-03-23 16:04:20
66,Tranvia_90,L62,1.5,1982-02-26 04:14:33
67,Bus_68,L92,1.25,1970-10-09 05:13:34
68,Tranvia_85,L71,1.25,1991-07-18 21:04:50
69,Bus_20,L29,1.25,1970-12-08 22:39:41
70,Bus_53,L43,1.25,1996-06-10 09:37:57
71,Bus_90,L90,1.5,2020-08-13 17:51:08
72,Tranvia_57,L86,2.0,2003-05-12 16:45:49
73,Bus_50,L46,1.25,1979-01-14 04:11:18
74,Bus_76,L85,2.0,2008-06-25 11:37:15
75,Tranvia_88,L78,1.0,2006-03-25 23:44:40
76,Tranvia_63,L8,1.0,1982-08-31 23:40:18
77,Bus_46,L40,1.25,1976-09-04 01:32:42
78,Tranvia_54,L1,2.0,2014-08-19 17:23:38
79,Tranvia_91,L7,2.0,2024-12-26 12:02:27
80,Tranvia_94,L48,1.75,2014-01-26 22:05:32
81,Tranvia_18,L28,1.0,2015-12-15 02:47:37
82,Tranvia_88,L6,2.0,1979-07-20 00:34:00
83,Tranvia_81,L6,1.25,1980-08-20 10:53:17
84,Bus_53,L73,1.25,2015-09-21 10:46:28
85,Bus_69,L28,1.25,2015-07-13 15:52:21
86,Bus_46,L71,1.75,2000-12-19 17:29:12
87,Tranvia_61,L99,1.5,2022-05-30 23:58:29
88,Bus_64,L23,1.25,2021-03-23 23:32:13
89,Bus_21,L36,1.0,1986-04-26 13:35:19
90,Bus_88,L68,2.0,2006-05-18 19:48:54
91,Tranvia_24,L67,2.0,2006-09-12 12:41:59
92,Tranvia_87,L30,1.75,1993-12-09 14:26:00
93,Tranvia_47,L90,1.75,1979-08-01 05:59:22
94,Bus_53,L94,1.25,1983-10-15 15:11:15
95,Bus_91,L98,1.75,2002-02-01 17:10:07
96,Bus_28,L21,2.0,2017-02-08 15:24:55
97,Tranvia_71,L6,1.25,1994-11-21 15:36:24
98,Bus_70,L59,1.75,1993-04-17 23:29:31
99,Bus_85,L81,1.75,1979-11-03 22:16:16
100,Tranvia_61,L24,1.25,2014-01-23 11:38:18
101,Bus_2,L53,1.25,2015-09-20 09:57:55
102,Bus_19,L27,1.5,1981-03-28 20:56:51
103,Tranvia_16,L53,1.0,1971-02-06 19:24:02
104,Tranvia_10,L2,1.25,1978-04-06 15:46:37
105,Bus_76,L97,1.5,2015-11-19 17:49:09
106,Bus_91,L95,1.75,2011-02-24 07:31:49
107,Tranvia_60,L94,2.0,2023-03-20 11:29:30
108,Tranvia_99,L86,1.25,2022-06-20 19:35:00
109,Tranvia_2,L26,1.75,2016-05-18 20:58:12
110,Tranvia_26,L54,2.0,2013-01-09 18:33:55
111,Bus_91,L5,1.0,1976-09-25 12:57:01
112,Bus_48,L8,1.5,2010-01-11 04:46:48
113,Tranvia_52,L5,1.75,1993-09-13 12:49:50
114,Bus_81,L8,1.0,1971-01-05 07:13:56
115,Bus_50,L18,1.75,2021-05-04 08:17:05
116,Tranvia_7,L9,1.25,1982-01-10 17:56:30
117,Tranvia_95,L9,1.5,2004-01-19 02:41:20
118,Bus_84,L56,1.5,1992-08-02 07:58:17
119,Bus_36,L4,1.25,2024-05-08 13:26:04
120,Bus_10,L99,1.25,2009-06-18 23:32:55
121,Bus_45,L93,1.75,1991-09-25 23:36:28
122,Tranvia_7,L72,2.0,1995-09-16 23:01:34
123,Tranvia_3,L9,2.0,2022-08-15 18:29:34
124,Bus_97,L61,1.5,1970-03-20 03:09:18
125,Tranvia_56,L50,1.75,1978-01-08 15:25:01
126,Tranvia_42,L92,1.5,1997-04-20 09:15:15
127,Bus_8,L7,1.0,1987-02-04 20:50:20
128,Tranvia_85,L6,1.25,1997-12-31 05:55:46
129,Bus_76,L17,1.5,2005-12-27 19:12:25
130,Tranvia_36,L54,1.5,1976-05-24 21:59:36
131,Bus_11,L60,2.0,1971-08-27 09:32:18
132,Bus_92,L29,1.75,1970-01-28 08:11:12
133,Tranvia_23,L34,1.5,2011-04-04 16:35:06
134,Tranvia_10,L78,1.75,1972-10-13 20:41:07
135,Bus_29,L98,2.0,1990-03-05 12:31:45
136,Bus_22,L62,1.0,1997-05-06 11:40:03
137,Tranvia_17,L9,1.75,2000-05-21 16:20:24
138,Tranvia_82,L21,1.5,1986-11-04 12:59:55
139,Bus_79,L11,2.0,2022-07-19 16:10:31
140,Tranvia_19,L67,1.5,1974-11-18 16:04:42
141,Bus_36,L35,2.0,1973-11-11 17:11:49
142,Tranvia_58,L43,1.5,2018-07-09 18:44:06
143,Bus_51,L37,1.0,1995-02-04 15:11:21
144,Tranvia_91,L41,1.75,1973-12-03 11:52:47
145,Tranvia_53,L5,1.25,2018-11-05 14:23:16
146,Tranvia_95,L33,1.0,2003-08-28 22:55:31
147,Tranvia_73,L49,2.0,1982-04-28 17:20:48
148,Bus_55,L6,2.0,1972-08-06 12:56:35
149,Bus_70,L21,1.75,2011-10-10 03:15:31
150,Tranvia_19,L99,1.25,1972-05-19 09:07:18
151,Tranvia_21,L50,1.0,2004-04-07 13:09:24
152,Tranvia_6,L88,1.0,1976-01-10 19:07:10
153,Tranvia_60,L55,1.5,1979-03-23 07:48:02
154,Bus_62,L42,1.5,1988-04-22 10:41:08
155,Bus_88,L84,1.5,2004-12-30 23:50:16
156,Tranvia_33,L99,1.75,1970-12-14 23:58:06
157,Tranvia_58,L54,1.25,1996-10-27 00:19:55
158,Tranvia_22,L47,2.0,1994-08-15 19:12:18
159,Bus_15,L29,1.0,1981-05-16 13:03:44
160,Bus_83,L40,1.0,2010-02-24 06:09:39
161,Tranvia_29,L40,1.5,2019-12-23 07:01:52
162,Tranvia_71,L30,1.0,2025-02-10 00:31:53
163,Bus_99,L58,1.5,2022-01-22 23:52:38
164,Tranvia_52,L75,1.75,2005-06-06 22:02:59
165,Tranvia_5,L99,1.75,1982-07-07 02:23:39
166,Tranvia_28,L25,1.5,1974-09-19 09:22:32
167,Tranvia_95,L16,1.0,2003-01-06 12:18:42
168,Tranvia_3,L95,1.75,2006-10-17 06:45:08
169,Bus_18,L64,1.5,1970-06-03 11:56:28
170,Tranvia_66,L19,1.25,2023-10-07 14:03:14
171,Tranvia_10,L62,1.0,2022-06-13 00:08:08
172,Tranvia_34,L30,1.25,1980-11-02 18:17:09
173,Tranvia_77,L74,1.75,1972-12-25 07:07:53
174,Tranvia_28,L48,1.75,2013-12-13 02:48:15
175,Tranvia_34,L18,1.75,1988-07-01 12:33:08
176,Bus_17,L49,2.0,2012-01-19 11:48:42
177,Tranvia_22,L38,1.0,1999-09-20 06:17:16
178,Bus_10,L82,1.5,2004-10-30 12:13:49
179,Tranvia_33,L30,2.0,2016-07-15 11:42:58
180,Tranvia_53,L39,2.0,1982-05-26 11:04:03
181,Bus_6,L88,1.5,1991-11-11 02:15:40
182,Tranvia_90,L1,1.25,2005-11-12 12:40:15
183,Tranvia_7,L17,2.0,1984-12-03 17:33:19
184,Tranvia_42,L55,2.0,1996-12-09 13:35:40
185,Tranvia_68,L1,1.5,2019-07-31 09:10:13
186,Tranvia_40,L34,1.0,2008-05-26 06:18:03
187,Tranvia_55,L19,1.0,2016-09-03 18:08:51
188,Tranvia_65,L32,2.0,2017-01-19 03:11:03
189,Bus_68,L36,2.0,1979-08-06 10:44:34
190,Bus_28,L80,1.0,1983-01-16 09:20:52
191,Bus_98,L7,1.75,1992-07-08 18:01:46
192,Bus_4,L88,1.0,2022-04-02 16:38:23
193,Tranvia_22,L4,1.75,2015-09-23 02:24:32
194,Bus_46,L9,1.25,2010-08-11 07:27:08
195,Bus_90,L2,1.75,1999-06-19 02:07:03
196,Bus_87,L48,1.75,1998-02-13 10:32:06
197,Bus_43,L4,1.75,1983-01-01 09:32:08
198,Tranvia_95,L71,1.25,1976-10-30 17:17:38
199,Bus_73,L2,1.75,2023-03-11 07:02:43
200,Bus_49,L6,1.5,1981-05-06 12:36:56
201,Bus_6,L13,1.25,2000-05-18 20:19:14
202,Tranvia_80,L50,1.0,2012-09-03 03:04:49
203,Bus_36,L21,1.0,2012-11-14 16:47:44
204,Bus_35,L45,1.0,2016-05-26 10:45:27
205,Tranvia_70,L23,1.75,2023-12-31 21:37:58
206,Bus_83,L85,1.5,1991-12-31 07:57:26
207,Bus_1,L60,1.75,2003-03-11 14:49:17
208,Tranvia_43,L35,1.0,1977-05-10 23:41:03
209,Tranvia_98,L89,2.0,1993-06-26 04:56:22
210,Bus_24,L91,1.0,1993-04-04 07:22:18
211,Tranvia_75,L29,1.5,1995-01-03 01:07:44
212,Tranvia_68,L35,1.5,2002-12-06 14:18:49
213,Bus_9,L86,1.25,2011-06-28 23:14:58
214,Tranvia_8,L24,1.0,1980-05-30 04:38:29
215,Tranvia_98,L1,1.0,2000-01-29 17:24:51
216,Tranvia_97,L67,1.5,1989-07-01 01:10:55
217,Tranvia_6,L10,1.5,1993-04-27 15:17:11
218,Bus_52,L41,2.0,2008-05-23 00:01:11
219,Bus_22,L38,1.5,1983-09-10 20:20:02
220,Bus_10,L68,1.5,2014-06-26 19:47:09
221,Tranvia_89,L80,1.5,2022-05-28 21:07:10
222,Bus_39,L64,2.0,2007-04-08 21:32:25
223,Bus_4,L35,2.0,1990-03-01 10:48:03
224,Bus_33,L54,1.75,1978-04-09 18:42:52
225,Bus_88,L11,1.0,2018-04-21 05:23:53
226,Tranvia_95,L98,1.75,1999-11-11 10:25:48
227,Tranvia_3,L84,1.25,2003-02-17 13:50:41
228,Bus_16,L88,1.0,1990-11-02 18:09:27
229,Tranvia_61,L40,2.0,1983-07-06 20:22:33
230,Bus_70,L13,1.0,1986-02-14 22:15:47
231,Tranvia_98,L24,1.5,2000-08-19 06:21:07
232,Tranvia_46,L85,1.5,2013-12-13 21:48:25
233,Bus_99,L92,1.0,1990-12-13 02:49:13
234,Bus_50,L68,1.25,1995-12-08 07:31:50
235,Bus_55,L69,1.5,1986-02-25 23:38:40
236,Bus_7,L8,2.0,1980-03-26 05:33:22
237,Tranvia_38,L53,1.25,2003-08-21 18:11:38
238,Bus_33,L100,1.75,1970-03-20 08:55:44
239,Bus_27,L52,2.0,2003-08-08 01:42:48
240,Tranvia_32,L91,2.0,1981-08-20 22:17:56
241,Bus_68,L66,1.25,1984-03-23 14:34:00
242,Bus_46,L41,2.0,1986-04-03 18:17:52
243,Bus_40,L75,1.0,1992-07-20 05:34:15
244,Tranvia_34,L38,2.0,1970-03-16 13:54:10
245,Tranvia_100,L81,1.25,2012-08-04 14:52:39
246,Bus_45,L55,1.5,2007-11-03 08:58:31
247,Tranvia_48,L9,1.5,1980-09-09 07:36:40
248,Tranvia_34,L83,1.0,1986-12-01 13:13:44
249,Tranvia_9,L18,1.5,1998-11-17 01:00:01
250,Bus_95,L34,1.25,1983-11-13 12:50:44
251,Tranvia_50,L52,1.75,1972-06-17 21:08:12
252,Tranvia_28,L16,1.75,2019-05-28 22:40:55
253,Tranvia_64,L89,1.0,1974-02-20 13:24:49
254,Tranvia_48,L11,1.5,2008-07-01 00:55:51
255,Tranvia_53,L44,1.25,1996-11-04 00:19:58
256,Tranvia_29,L89,1.5,2000-11-07 09:44:26
257,Tranvia_46,L1,1.75,2012-09-10 01:39:52
258,Tranvia_24,L41,1.75,1983-09-04 01:06:36
259,Tranvia_32,L56,2.0,2013-07-10 10:20:19
260,Bus_39,L30,1.0,2008-05-02 22:30:20
261,Tranvia_74,L75,1.25,1996-03-19 12:48:02
262,Tranvia_17,L59,1.5,2023-06-04 00:29:11
263,Tranvia_18,L34,1.75,1976-01-15 17:22:46
264,Tranvia_52,L57,1.25,2024-06-29 21:00:40
265,Bus_91,L90,1.75,2005-11-11 10:19:33
266,Bus_67,L63,1.0,1977-11-26 04:12:49
267,Bus_55,L57,1.0,1981-09-30 23:17:44
268,Tranvia_36,L87,2.0,1978-10-26 08:16:07
269,Tranvia_24,L34,1.5,1971-10-14 14:03:32
270,Bus_45,L8,2.0,2019-05-15 01:55:55
271,Bus_29,L3,1.75,2005-06-06 20:10:25
272,Tranvia_73,L98,1.75,1999-10-09 07:05:12
273,Bus_94,L67,2.0,1976-12-13 17:49:41
274,Tranvia_55,L74,1.75,2009-03-15 19:57:40
275,Bus_16,L45,1.5,2008-05-12 06:22:43
276,Bus_10,L50,1.75,2003-05-29 08:31:34
277,Bus_10,L58,1.25,1980-09-27 17:28:28
278,Tranvia_90,L53,1.5,1980-11-19 21:41:43
279,Bus_48,L17,2.0,2005-10-26 11:46:05
280,Tranvia_6,L68,2.0,1983-01-17 10:53:11
281,Tranvia_18,L11,1.0,2017-05-07 09:48:17
282,Bus_48,L57,1.0,1983-11-13 23:57:14
283,Bus_38,L8,1.75,1982-04-22 19:17:07
284,Bus_97,L84,1.5,2013-07-10 02:49:08
285,Bus_77,L45,1.25,1991-03-13 11:42:56
286,Tranvia_11,L90,1.75,2009-11-10 12:27:33
287,Tranvia_71,L33,1.5,2000-12-31 19:56:24
288,Bus_67,L5,1.5,2021-05-31 06:26:09
289,Bus_75,L85,2.0,1985-07-07 01:02:46
290,Bus_76,L38,1.5,2018-12-13 18:17:38
291,Bus_55,L13,1.25,2024-06-19 10:20:59
292,Bus_61,L63,1.5,2009-04-06 21:21:49
293,Tranvia_42,L14,1.25,1997-08-13 16:21:23
294,Bus_39,L13,1.5,2007-10-12 21:51:38
295,Bus_80,L28,1.5,2021-08-17 01:33:39
296,Tranvia_6,L33,1.75,1996-08-01 09:54:45
297,Tranvia_49,L6,1.75,1995-01-04 00:43:11
298,Tranvia_65,L60,1.75,2008-01-01 14:57:00
299,Bus_55,L87,1.25,2001-04-12 08:36:57
300,Bus_39,L98,1.0,1988-09-21 10:36:47
301,Bus_77,L12,1.25,1974-02-06 20:18:06
302,Bus_83,L49,2.0,1970-07-17 17:54:49
303,Tranvia_53,L78,1.25,2024-09-10 06:37:36
304,Tranvia_52,L68,1.75,2000-10-21 21:04:14
305,Bus_88,L49,1.25,2002-11-21 02:18:08
306,Tranvia_29,L54,1.0,1987-11-25 22:14:56
307,Tranvia_5,L54,2.0,1975-03-14 01:02:19
308,Bus_30,L62,2.0,1981-12-26 06:58:54
309,Tranvia_25,L31,1.25,1991-10-30 20:27:15
310,Tranvia_33,L43,1.75,1996-01-24 19:01:34
311,Tranvia_24,L42,1.0,2006-07-21 20:26:43
312,Tranvia_37,L55,1.25,2014-11-20 19:23:44
313,Bus_46,L36,1.5,1977-09-30 05:10:28
314,Bus_47,L72,1.0,1982-10-01 01:37:04
315,Bus_28,L3,1.5,1984-08-10 19:35:39
316,Tranvia_1,L64,1.5,2002-02-25 03:20:07
317,Bus_5,L59,1.0,2017-09-18 11:08:09
318,Tranvia_41,L20,2.0,1995-09-11 06:10:56
319,Tranvia_77,L4,1.75,2002-03-29 13:52:29
320,Bus_89,L77,1.75,1972-11-15 20:41:37
321,Tranvia_53,L92,1.5,1975-11-22 23:10:55
322,Tranvia_78,L94,1.75,2021-08-24 21:14:20
323,Bus_88,L10,1.25,2012-03-24 08:34:53
324,Bus_8,L79,1.25,2002-10-16 03:37:54
325,Bus_29,L94,1.0,2014-08-27 18:14:28
326,Tranvia_10,L13,2.0,2009-11-03 03:39:55
327,Bus_5,L60,2.0,1994-12-01 09:46:05
328,Tranvia_96,L27,1.25,2017-11-06 09:59:26
329,Bus_100,L85,1.0,2016-10-24 04:25:30
330,Tranvia_16,L47,2.0,2004-11-19 14:52:21
331,Bus_71,L11,1.75,1981-04-27 22:09:11
332,Tranvia_18,L2,1.5,2002-04-23 10:57:20
333,Tranvia_7,L90,1.25,1986-06-05 03:04:16
334,Bus_35,L89,1.0,1970-02-27 16:45:42
335,Tranvia_44,L43,1.5,1997-01-15 07:35:25
336,Tranvia_12,L19,1.75,2014-01-20 16:18:00
337,Bus_25,L13,1.75,1973-01-01 17:12:03
338,Bus_3,L70,1.0,2024-04-28 13:36:37
339,Tranvia_25,L36,1.25,2019-02-27 22:15:57
340,Tranvia_84,L80,2.0,2009-04-29 14:49:00
341,Bus_36,L64,1.0,2011-01-10 13:08:54
342,Tranvia_79,L53,1.75,1990-06-05 19:01:16
343,Tranvia_50,L96,1.0,1971-05-08 16:40:46
344,Tranvia_33,L15,1.5,1975-02-19 04:39:55
345,Tranvia_87,L53,1.75,2006-09-06 18:12:59
346,Bus_49,L25,2.0,2014-03-09 13:39:03
347,Bus_63,L99,1.0,1985-09-16 09:35:47
348,Tranvia_89,L79,1.75,1974-05-25 19:25:45
349,Bus_63,L31,2.0,1971-08-23 14:01:13
350,Bus_83,L46,1.0,1994-06-26 22:11:44
351,Tranvia_3,L12,1.0,2013-10-16 12:53:20
352,Tranvia_98,L65,1.0,2010-03-07 02:39:51
353,Tranvia_49,L14,1.5,2023-06-27 21:04:43
354,Bus_17,L66,1.75,1971-02-20 16:06:24
355,Tranvia_90,L60,1.25,1970-03-10 10:34:23
356,Tranvia_87,L76,1.5,2023-04-24 10:53:38
357,Bus_77,L26,2.0,1993-11-13 03:28:25
358,Tranvia_2,L41,1.5,2015-11-04 12:10:06
359,Tranvia_52,L20,1.5,2008-12-11 00:18:18
360,Bus_96,L16,1.0,2016-02-13 10:01:09
361,Bus_51,L53,1.25,1985-07-08 07:50:12
362,Bus_6,L36,2.0,1984-02-05 10:39:20
363,Tranvia_14,L3,1.25,2006-06-05 09:49:13
364,Tranvia_85,L2,1.25,1985-08-19 09:45:50
365,Tranvia_11,L68,1.0,2006-01-09 12:57:04
366,Tranvia_17,L66,2.0,1989-06-28 04:52:22
367,Bus_42,L33,1.5,1989-07-28 01:00:49
368,Bus_19,L25,1.25,1997-10-20 07:45:49
369,Tranvia_41,L97,2.0,1997-07-26 00:23:37
370,Bus_76,L92,1.0,2022-05-29 18:12:28
371,Tranvia_91,L15,2.0,2002-01-04 05:25:59
372,Bus_16,L21,1.5,1981-06-07 16:58:12
373,Tranvia_30,L28,1.0,1996-09-08 14:57:32
374,Bus_60,L68,1.5,2020-10-07 16:30:53
375,Bus_16,L19,1.25,1979-07-11 16:19:14
376,Bus_4,L1,1.25,2006-04-04 20:18:43
377,Bus_64,L39,1.0,2023-01-07 09:04:18
378,Tranvia_48,L98,1.75,1975-03-29 13:26:27
379,Tranvia_37,L8,1.75,2017-02-26 06:43:04
380,Bus_99,L5,1.5,1993-05-06 08:36:45
381,Tranvia_34,L42,1.5,2023-08-31 16:39:51
382,Bus_22,L87,1.0,2018-10-19 03:13:51
383,Tranvia_97,L51,2.0,1975-04-14 08:22:10
384,Tranvia_79,L40,1.0,1980-01-14 15:30:52
385,Bus_17,L63,1.5,2015-09-07 22:39:01
386,Bus_66,L51,1.5,2016-10-08 16:57:59
387,Bus_33,L61,1.5,1979-12-17 17:12:28
388,Tranvia_98,L58,1.75,2018-07-13 04:37:31
389,Tranvia_25,L17,2.0,1997-12-21 13:28:43
390,Tranvia_85,L95,1.75,2023-05-20 14:47:12
391,Bus_24,L37,1.25,1994-03-17 08:55:27
392,Bus_88,L54,1.0,2003-09-28 22:23:14
393,Bus_90,L30,2.0,1972-07-24 19:31:04
394,Bus_31,L35,2.0,1997-04-12 02:02:29
395,Tranvia_13,L89,1.5,1995-03-19 16:17:14
396,Bus_49,L38,1.75,2012-11-03 01:11:21
397,Bus_10,L35,1.5,1993-06-12 02:42:16
398,Bus_28,L76,1.25,2017-01-14 00:49:06
399,Bus_32,L99,1.25,1984-07-27 00:19:03
400,Bus_80,L69,1.25,2012-07-17 22:01:44
401,Tranvia_99,L51,1.75,1995-03-08 20:02:48
402,Bus_91,L24,1.75,2001-09-04 14:44:53
403,Tranvia_34,L2,1.5,2008-08-08 03:57:02
404,Bus_72,L53,1.75,1991-02-10 20:50:26
405,Tranvia_55,L83,1.75,1981-10-08 23:54:32
406,Bus_79,L58,1.0,2018-07-05 09:20:24
407,Bus_58,L4,1.75,2016-12-31 20:31:34
408,Tranvia_36,L95,1.75,1996-11-01 21:05:58
409,Tranvia_79,L85,1.75,2003-02-12 21:08:58
410,Tranvia_52,L50,1.75,2013-08-09 14:09:07
411,Tranvia_45,L1,1.0,1982-10-06 05:57:24
412,Tranvia_15,L11,1.75,2017-09-14 10:17:19
413,Tranvia_60,L75,1.25,1973-03-17 13:57:52
414,Tranvia_92,L53,1.5,2012-04-13 13:19:06
415,Bus_16,L4,2.0,1980-05-24 01:59:12
416,Bus_10,L15,1.5,2023-07-05 10:33:47
417,Bus_1,L51,1.25,2000-06-01 12:53:10
418,Bus_42,L28,1.25,2009-08-12 17:42:57
419,Bus_5,L51,1.75,2023-04-02 08:26:30
420,Bus_46,L63,1.25,2024-01-24 04:24:42
421,Tranvia_8,L68,1.75,1972-03-08 00:02:45
422,Tranvia_51,L85,1.0,1992-03-14 13:02:07
423,Tranvia_98,L65,1.75,1981-09-16 14:29:47
424,Bus_13,L55,1.0,2012-07-19 15:44:49
425,Tranvia_37,L60,1.5,1976-07-18 06:33:03
426,Tranvia_37,L27,1.5,1996-10-29 22:01:43
427,Bus_5,L44,1.0,2021-10-29 05:21:50
428,Tranvia_5,L65,1.25,2016-02-27 00:43:59
429,Tranvia_3,L32,2.0,2003-10-02 21:47:25
430,Tranvia_40,L21,1.75,1984-04-04 18:15:21
431,Bus_68,L85,1.5,2010-12-08 12:58:35
432,Tranvia_39,L88,2.0,2001-04-26 17:35:09
433,Bus_67,L77,1.0,1970-08-11 03:58:57
434,Tranvia_41,L8,1.5,2010-12-22 11:49:25
435,Bus_46,L10,1.0,2006-10-15 21:06:17
436,Bus_65,L15,1.5,1994-05-24 11:50:28
437,Bus_94,L16,1.0,1983-03-01 05:19:11
438,Tranvia_69,L41,1.75,2006-09-19 14:32:24
439,Bus_31,L74,1.25,1999-03-18 18:28:37
440,Bus_54,L72,1.75,1970-01-29 23:57:28
441,Bus_79,L15,1.0,1996-05-11 10:33:21
442,Bus_53,L58,2.0,1977-12-22 22:50:24
443,Bus_97,L83,2.0,1974-12-31 10:46:32
444,Tranvia_40,L51,1.0,1976-03-01 11:14:38
445,Bus_77,L79,2.0,2005-06-01 02:27:07
446,Bus_1,L25,1.0,2001-01-28 20:43:47
447,Bus_33,L70,1.5,2012-03-26 09:18:30
448,Tranvia_53,L83,1.5,2009-08-27 00:01:35
449,Tranvia_35,L35,1.25,2016-05-13 07:09:30
450,Bus_13,L4,1.25,1985-02-06 01:53:06
451,Bus_75,L71,1.0,2016-10-11 02:14:56
452,Tranvia_74,L18,1.25,1974-01-27 18:30:41
453,Bus_41,L15,1.75,1993-08-01 00:15:13
454,Tranvia_61,L94,1.75,1988-04-17 10:09:41
455,Tranvia_99,L37,1.25,1995-03-02 05:18:32
456,Tranvia_66,L92,1.5,2021-02-07 18:52:13
457,Bus_90,L57,1.0,1994-01-25 18:39:05
458,Tranvia_73,L58,1.0,1997-11-12 17:38:31
459,Bus_21,L56,1.0,1977-07-15 19:16:32
460,Bus_4,L16,1.25,1979-12-28 01:16:23
461,Tranvia_19,L29,1.75,1972-01-06 13:11:47
462,Tranvia_60,L4,1.5,2023-02-28 23:04:44
463,Tranvia_36,L40,1.25,2004-01-12 06:39:33
464,Bus_21,L82,1.25,1989-08-22 16:27:33
465,Bus_24,L61,2.0,1989-06-02 07:11:29
466,Tranvia_8,L24,2.0,1981-10-10 07:40:16
467,Tranvia_87,L62,2.0,2005-08-31 07:42:28
468,Bus_59,L95,1.25,1974-08-15 12:42:50
469,Tranvia_43,L92,1.25,2013-05-18 06:14:49
470,Bus_99,L20,1.0,2006-08-26 18:14:00
471,Tranvia_77,L81,1.75,1980-03-12 15:50:48
472,Tranvia_46,L88,1.75,2025-01-24 23:19:32
473,Tranvia_19,L93,1.75,2003-03-27 15:16:00
474,Tranvia_57,L31,1.75,1992-09-21 15:09:04
475,Tranvia_63,L94,1.75,1998-01-11 03:58:40
476,Tranvia_29,L27,1.0,1975-05-29 19:56:02
477,Bus_8,L1,1.0,1984-10-24 11:52:24
478,Tranvia_69,L33,1.25,2015-10-25 01:10:31
479,Bus_77,L15,1.25,2000-12-24 16:00:20
480,Bus_66,L24,1.0,2013-11-18 17:38:01
481,Bus_82,L41,1.25,2000-04-05 07:57:30
482,Tranvia_12,L72,1.5,2007-09-09 09:56:22
483,Tranvia_80,L88,1.75,2014-10-11 07:24:12
484,Bus_73,L40,1.75,2009-04-26 17:48:47
485,Bus_27,L72,1.5,1973-12-22 20:48:39
486,Bus_46,L83,1.25,2003-12-27 20:56:10
487,Bus_47,L97,2.0,1975-07-24 19:52:28
488,Tranvia_72,L72,2.0,1982-05-28 20:06:57
489,Bus_38,L71,1.25,2005-05-19 12:07:36
490,Bus_97,L8,1.0,2009-08-15 13:56:30
491,Tranvia_74,L14,1.25,2022-06-07 02:57:40
492,Bus_90,L17,1.0,2022-06-26 21:28:58
493,Bus_70,L74,2.0,1971-07-12 10:03:43
494,Bus_3,L57,1.0,1997-12-24 14:09:07
495,Tranvia_55,L7,1.0,1976-03-05 22:25:10
496,Bus_15,L25,1.75,1971-09-29 03:01:35
497,Bus_12,L46,1.5,1977-02-10 21:53:34
498,Tranvia_46,L46,1.5,1992-05-02 02:09:43
499,Tranvia_51,L53,1.0,2021-05-17 15:04:25
500,Bus_97,L13,2.0,2008-09-11 10:42:04
501,Tranvia_32,L25,1.75,2024-06-15 03:55:38
502,Tranvia_15,L53,1.25,2019-01-23 14:14:21
503,Tranvia_49,L56,2.0,1986-05-07 12:02:39
504,Bus_16,L41,1.0,2009-11-09 18:08:44
505,Bus_76,L11,1.0,2001-12-09 12:44:59
506,Tranvia_44,L51,1.75,2019-02-01 01:32:42
507,Bus_66,L78,1.75,2018-02-12 21:44:57
508,Bus_10,L9,1.0,2017-09-22 10:51:34
509,Tranvia_33,L41,2.0,1991-03-29 23:45:43
510,Bus_13,L48,1.75,1974-09-29 13:57:59
511,Bus_75,L48,1.0,2007-04-13 06:56:02
512,Tranvia_12,L91,1.5,1971-12-09 19:17:17
513,Tranvia_20,L84,2.0,2004-08-28 12:40:21
514,Tranvia_96,L66,1.0,2006-07-09 01:59:40
515,Bus_6,L65,1.25,2005-04-14 05:20:44
516,Bus_85,L99,2.0,2004-08-08 02:12:40
517,Tranvia_15,L27,1.5,1972-11-04 11:04:28
518,Tranvia_27,L7,1.25,1989-08-23 21:55:05
519,Bus_74,L44,1.75,1992-02-03 12:21:05
520,Tranvia_58,L86,1.75,1995-12-12 06:44:39
521,Bus_12,L92,2.0,2005-12-11 17:33:16
522,Bus_32,L14,1.0,1972-11-27 05:47:43
523,Bus_44,L55,1.5,2005-05-04 00:00:54
524,Bus_33,L98,1.5,2017-05-14 21:53:20
525,Tranvia_26,L86,1.0,2015-02-23 16:38:32
526,Tranvia_35,L53,1.25,1980-10-01 21:23:56
527,Bus_98,L6,1.0,2004-02-10 15:00:46
528,Bus_24,L6,1.0,2019-04-14 07:27:19
529,Tranvia_74,L99,1.25,1978-01-02 21:36:25
530,Tranvia_21,L42,1.0,2019-09-12 11:03:29
531,Bus_77,L79,2.0,2024-08-20 16:01:15
532,Bus_21,L73,1.0,2019-07-08 15:12:38
533,Tranvia_96,L50,1.5,1971-06-19 03:17:02
534,Bus_22,L44,1.25,1983-03-11 03:42:14
535,Bus_57,L82,1.0,2020-07-29 11:16:56
536,Bus_72,L43,2.0,2015-07-25 10:33:11
537,Bus_22,L43,2.0,2024-06-17 02:28:31
538,Tranvia_34,L28,1.0,2010-01-19 00:41:25
539,Bus_48,L89,1.5,2010-01-23 08:27:31
540,Bus_80,L61,1.5,1996-05-29 13:43:05
541,Tranvia_98,L26,1.0,2012-10-03 09:42:16
542,Tranvia_40,L71,1.75,1990-09-23 09:48:26
543,Tranvia_94,L43,1.5,1977-08-27 05:36:18
544,Tranvia_15,L88,1.5,2010-11-03 06:55:55
545,Tranvia_98,L92,1.0,2019-08-17 16:27:32
546,Bus_19,L29,1.0,2021-05-23 14:19:23
547,Tranvia_73,L26,2.0,1983-07-17 21:56:26
548,Tranvia_86,L51,1.75,1995-03-15 12:22:29
549,Bus_11,L10,1.75,1999-04-28 13:40:53
550,Bus_81,L55,2.0,1976-05-12 22:03:30
551,Bus_36,L98,2.0,2001-10-26 14:25:56
552,Tranvia_41,L48,1.0,2021-04-14 13:19:07
553,Tranvia_41,L6,2.0,1975-10-25 18:33:40
554,Tranvia_30,L14,1.5,2011-11-15 13:56:30
555,Tranvia_44,L83,1.5,1990-01-25 09:16:33
556,Tranvia_7,L61,1.5,1979-04-24 20:22:59
557,Tranvia_53,L83,1.25,1997-04-27 22:17:15
558,Tranvia_19,L26,1.0,1999-09-04 11:43:50
559,Bus_92,L22,2.0,1986-06-09 03:19:17
560,Tranvia_62,L89,1.5,2011-09-03 00:51:51
561,Tranvia_48,L97,1.0,2004-04-02 01:11:27
562,Bus_10,L48,1.0,1970-03-28 14:58:37
563,Tranvia_92,L66,2.0,1999-01-30 09:11:26
564,Tranvia_43,L61,1.5,1971-11-14 06:24:00
565,Tranvia_30,L22,1.25,1985-08-02 05:10:49
566,Bus_93,L48,1.25,2000-08-11 12:32:04
567,Bus_55,L70,1.0,1975-07-22 21:23:44
568,Bus_83,L57,2.0,2004-02-08 06:08:47
569,Bus_69,L55,1.75,2019-07-12 13:47:50
570,Bus_96,L77,2.0,1995-06-13 12:19:25
571,Bus_20,L51,2.0,2017-01-05 13:06:40
572,Tranvia_85,L62,1.0,2003-01-25 10:41:31
573,Bus_36,L87,1.0,1979-08-04 07:17:02
574,Bus_5,L77,1.5,1988-01-05 11:08:25
575,Bus_9,L54,2.0,2000-02-01 19:42:37
576,Tranvia_21,L28,1.75,1973-12-20 19:58:08
577,Bus_46,L5,2.0,2000-01-25 08:45:23
578,Tranvia_79,L95,1.0,2009-11-12 19:58:46
579,Bus_9,L74,1.75,1971-04-08 16:01:06
580,Bus_85,L33,2.0,1986-08-12 09:36:40
581,Bus_95,L19,1.5,2001-08-06 13:43:41
582,Tranvia_39,L25,1.25,2016-07-11 09:28:33
583,Bus_86,L54,1.75,2016-04-14 04:12:20
584,Bus_63,L47,1.25,1980-02-03 07:10:56
585,Tranvia_90,L16,1.25,1972-02-06 02:37:22
586,Bus_55,L35,1.0,1970-10-23 18:21:45
587,Tranvia_16,L56,1.75,1980-02-18 04:13:10
588,Bus_100,L20,1.0,1979-10-28 21:00:15
589,Tranvia_99,L71,1.25,2005-05-12 16:08:59
590,Tranvia_82,L94,1.75,1982-05-05 12:14:44
591,Tranvia_31,L98,2.0,1996-10-19 15:47:11
592,Tranvia_85,L22,1.75,2024-10-28 23:47:12
593,Bus_64,L17,1.25,1982-03-02 12:18:45
594,Bus_75,L82,1.25,2010-01-27 07:44:22
595,Tranvia_45,L45,2.0,2011-02-24 15:19:11
596,Bus_76,L75,1.0,1971-01-11 04:32:09
597,Bus_82,L78,1.75,1974-04-25 22:14:00
598,Tranvia_64,L64,1.75,2021-07-30 16:43:58
599,Tranvia_40,L19,2.0,2009-08-14 09:17:26
600,Tranvia_55,L18,1.0,2021-12-09 19:10:20
601,Bus_5,L9,1.75,2010-11-02 21:45:00
602,Tranvia_39,L49,2.0,2012-02-05 08:08:20
603,Tranvia_34,L77,1.25,2013-12-25 18:26:13
604,Bus_59,L53,1.75,1981-12-31 14:06:02
605,Tranvia_37,L92,1.5,1978-07-12 02:05:45
606,Tranvia_21,L56,1.5,1976-01-06 15:53:45
607,Bus_65,L23,1.5,2018-07-17 15:45:10
608,Tranvia_74,L23,1.0,1991-01-20 03:41:40
609,Bus_18,L25,1.5,1987-09-29 07:18:21
610,Bus_49,L20,1.25,2013-04-16 05:52:21
611,Tranvia_7,L80,2.0,1993-06-12 19:30:58
612,Bus_77,L11,1.25,1988-02-26 00:59:31
613,Tranvia_71,L68,1.75,1996-11-20 19:18:02
614,Tranvia_75,L47,1.5,1992-05-11 13:13:24
615,Bus_28,L95,1.75,2005-03-01 18:49:18
616,Tranvia_96,L61,2.0,2020-08-24 19:50:55
617,Bus_69,L30,1.25,1988-12-01 19:55:00
618,Bus_100,L40,2.0,2013-12-19 15:52:39
619,Tranvia_26,L31,1.0,1995-05-07 07:34:37
620,Tranvia_40,L36,2.0,2003-11-05 20:50:54
621,Tranvia_61,L22,1.25,2001-09-29 05:59:00
622,Tranvia_6,L1,1.25,2012-12-30 05:03:15
623,Tranvia_65,L25,1.25,1970-06-06 17:07:02
624,Bus_79,L89,1.0,1977-05-15 11:30:57
625,Tranvia_99,L89,2.0,2019-12-11 10:06:07
626,Tranvia_77,L16,1.25,2020-05-26 00:36:41
627,Bus_45,L52,1.75,1976-05-27 22:22:28
628,Tranvia_94,L41,1.0,2001-01-31 23:22:16
629,Bus_92,L4,1.5,1985-09-16 09:11:43
630,Bus_39,L34,1.0,2019-11-21 04:49:59
631,Bus_22,L12,1.5,1980-08-08 08:42:36
632,Tranvia_38,L46,1.75,2016-10-23 19:13:26
633,Tranvia_40,L78,2.0,1998-06-10 05:40:52
634,Tranvia_80,L10,1.25,2002-10-27 17:40:49
635,Bus_94,L96,1.75,1996-04-27 12:19:35
636,Bus_60,L50,2.0,2013-04-29 10:27:44
637,Tranvia_5,L86,1.25,2011-08-30 04:31:11
638,Tranvia_31,L49,1.5,1989-04-20 21:28:35
639,Bus_30,L32,1.25,1995-03-12 02:21:08
640,Bus_53,L43,1.0,1987-01-08 02:10:52
641,Tranvia_39,L40,2.0,1990-10-11 10:25:30
642,Tranvia_11,L41,1.25,1971-11-26 02:36:33
643,Tranvia_33,L55,1.5,1976-09-10 01:05:53
644,Tranvia_93,L84,1.0,1976-03-22 08:25:54
645,Bus_49,L41,1.75,2010-03-05 16:18:20
646,Tranvia_25,L44,1.5,1983-12-31 20:20:11
647,Tranvia_43,L14,1.25,2015-02-17 22:44:23
648,Bus_55,L14,1.25,2023-11-28 01:33:04
649,Tranvia_81,L36,1.25,2008-07-17 19:41:18
650,Tranvia_73,L95,2.0,1978-02-25 01:04:09
651,Bus_93,L56,1.5,1986-06-06 02:16:53
652,Bus_9,L63,1.25,1979-05-27 21:10:41
653,Bus_52,L81,1.5,1994-02-09 23:40:43
654,Bus_41,L15,1.0,1984-07-30 12:16:17
655,Bus_74,L99,1.75,2008-05-03 04:51:02
656,Bus_17,L60,1.5,1980-06-08 06:28:44
657,Bus_38,L100,1.25,2007-04-27 04:08:47
658,Bus_42,L80,1.75,2015-07-24 05:12:07
659,Tranvia_9,L88,1.5,2012-11-02 04:07:25
660,Bus_60,L57,1.25,2010-07-08 23:11:09
661,Tranvia_3,L21,1.75,2013-11-23 16:38:38
662,Bus_75,L20,1.5,2021-01-24 13:13:32
663,Tranvia_73,L31,1.5,1974-03-08 02:21:34
664,Bus_91,L51,2.0,2005-10-04 20:24:01
665,Bus_34,L8,1.0,1989-02-28 06:49:57
666,Bus_87,L76,1.75,1988-09-29 17:54:53
667,Tranvia_81,L91,1.75,1974-02-07 17:28:35
668,Bus_15,L77,2.0,2024-05-01 16:22:48
669,Bus_39,L26,2.0,2000-02-10 17:00:51
670,Bus_73,L20,2.0,2019-04-21 06:25:34
671,Tranvia_24,L36,1.25,1995-05-19 14:13:30
672,Bus_29,L54,1.25,2002-10-14 16:58:32
673,Bus_66,L11,1.75,1993-10-14 21:29:47
674,Tranvia_7,L35,1.0,2014-04-25 11:51:19
675,Tranvia_85,L30,1.25,1986-01-25 06:18:21
676,Bus_5,L50,2.0,1984-04-04 09:23:27
677,Bus_79,L6,1.75,2020-07-09 20:50:59
678,Bus_93,L18,1.5,2009-02-22 11:22:37
679,Bus_44,L3,1.5,1976-10-12 12:32:17
680,Bus_18,L34,1.75,1982-03-20 20:49:14
681,Bus_37,L42,1.75,2006-07-24 14:49:33
682,Tranvia_34,L12,1.0,1972-09-16 05:45:07
683,Bus_75,L90,1.0,2010-05-15 02:56:26
684,Bus_28,L47,1.5,1984-10-19 22:48:00
685,Tranvia_57,L36,1.5,1988-03-20 20:16:16
686,Bus_50,L83,1.5,1994-11-23 04:36:15
687,Bus_74,L67,1.75,1997-10-15 12:06:43
688,Tranvia_15,L23,1.25,2003-04-16 11:48:33
689,Tranvia_42,L42,1.75,1983-09-05 20:38:24
690,Bus_98,L93,1.25,1978-02-07 13:47:18
691,Tranvia_89,L30,2.0,2020-01-26 02:58:24
692,Bus_61,L91,2.0,2012-10-23 19:58:44
693,Tranvia_91,L7,1.75,2005-06-08 10:30:45
694,Tranvia_9,L41,1.5,2006-09-04 18:09:12
695,Bus_54,L24,1.5,1974-06-07 06:41:02
696,Tranvia_9,L91,2.0,1972-10-28 20:42:01
697,Bus_4,L13,1.75,2013-08-28 23:38:49
698,Tranvia_91,L99,1.0,2015-11-12 16:24:43
699,Tranvia_26,L41,1.75,2023-11-12 16:44:59
700,Bus_27,L36,1.0,2024-12-07 17:02:55
701,Bus_54,L29,1.25,2016-10-26 19:53:05
702,Bus_8,L20,2.0,2015-09-21 02:00:17
703,Tranvia_84,L51,1.0,2019-10-31 10:27:59
704,Tranvia_43,L90,1.25,1976-02-19 15:46:04
705,Tranvia_25,L35,2.0,2012-01-30 18:04:10
706,Tranvia_27,L14,2.0,2019-10-22 10:18:58
707,Bus_6,L62,2.0,2012-12-29 13:29:09
708,Tranvia_36,L53,1.25,2005-02-12 22:49:22
709,Tranvia_25,L75,1.25,1993-03-21 23:51:24
710,Bus_55,L37,2.0,1987-01-27 00:14:17
711,Bus_13,L82,1.75,2010-03-02 21:43:53
712,Tranvia_58,L82,1.5,1972-04-02 22:21:01
713,Bus_22,L47,1.75,1993-07-07 01:31:09
714,Bus_63,L67,1.5,2016-01-23 01:31:58
715,Tranvia_56,L47,2.0,2018-08-14 10:23:53
716,Bus_37,L3,2.0,1973-04-20 12:46:08
717,Tranvia_59,L15,1.25,1971-12-14 22:55:10
718,Bus_37,L13,2.0,1990-02-18 16:37:13
719,Bus_89,L12,1.0,1997-09-23 05:05:25
720,Bus_59,L62,1.5,2019-12-14 23:02:03
721,Bus_70,L11,1.5,1978-07-14 00:14:42
722,Tranvia_51,L13,1.75,1981-01-03 04:19:45
723,Tranvia_10,L67,1.5,1991-01-24 05:14:14
724,Tranvia_64,L97,1.25,2018-06-26 10:21:29
725,Tranvia_4,L12,1.0,1978-09-27 01:15:34
726,Tranvia_81,L46,1.5,1977-02-20 08:14:48
727,Tranvia_42,L41,1.75,2014-12-06 23:15:05
728,Bus_46,L89,1.0,1991-06-16 21:58:29
729,Bus_45,L36,1.5,1990-05-04 01:51:41
730,Bus_82,L93,1.75,2019-02-12 03:58:41
731,Bus_18,L63,2.0,2006-11-29 00:48:02
732,Bus_47,L85,1.75,2008-02-01 07:11:30
733,Bus_21,L44,1.25,2019-02-02 11:00:03
734,Bus_63,L9,1.5,1980-04-22 02:18:45
735,Tranvia_16,L68,1.25,2000-03-05 21:00:52
736,Bus_85,L65,1.25,2004-07-17 19:36:39
737,Tranvia_47,L19,1.0,2011-10-21 02:07:40
738,Tranvia_24,L6,1.5,1981-08-14 00:32:34
739,Tranvia_2,L19,1.25,1996-08-17 04:04:30
740,Tranvia_31,L79,1.0,2023-11-24 07:14:29
741,Bus_66,L10,2.0,1998-02-22 03:45:02
742,Bus_57,L18,1.0,1992-05-21 22:23:35
743,Bus_94,L58,2.0,2019-07-12 22:01:41
744,Bus_92,L84,1.0,2013-06-01 17:36:00
745,Bus_99,L18,2.0,1971-09-23 05:42:16
746,Tranvia_6,L29,2.0,1995-02-05 11:48:05
747,Bus_40,L1,1.5,1982-10-10 12:26:07
748,Tranvia_23,L39,1.0,1973-06-29 11:35:48
749,Tranvia_79,L88,1.25,1990-02-13 15:56:35
750,Bus_87,L13,1.0,1970-01-12 04:03:08
751,Bus_20,L91,1.75,1989-12-23 05:59:22
752,Tranvia_98,L46,2.0,2024-11-24 06:26:58
753,Bus_79,L70,1.0,1970-07-20 01:13:41
754,Tranvia_52,L18,1.25,2007-10-15 18:08:19
755,Bus_5,L85,1.0,2018-10-08 09:38:21
756,Bus_79,L6,1.25,1974-03-09 06:38:37
757,Bus_38,L76,1.25,2011-09-27 05:10:37
758,Bus_72,L22,1.5,2016-09-28 22:49:16
759,Bus_25,L57,1.5,1993-05-25 11:58:48
760,Tranvia_13,L16,1.5,2016-07-05 07:09:05
761,Tranvia_51,L18,1.75,1997-07-31 15:20:38
762,Bus_94,L100,2.0,1995-02-19 09:10:44
763,Tranvia_59,L85,1.0,1987-06-30 20:20:09
764,Tranvia_65,L81,1.5,1975-05-08 16:35:09
765,Bus_94,L3,1.5,1990-04-29 14:30:50
766,Bus_22,L67,1.25,1976-01-21 05:36:58
767,Bus_26,L54,1.0,2011-12-23 11:32:11
768,Bus_83,L93,1.75,1989-12-24 21:22:03
769,Bus_52,L32,1.5,1983-11-24 11:48:35
770,Bus_28,L42,1.25,1973-11-17 00:33:20
771,Bus_24,L59,1.5,2018-08-30 15:15:27
772,Bus_84,L44,1.0,1984-10-31 02:12:51
773,Bus_80,L38,2.0,1984-02-18 18:16:59
774,Tranvia_13,L89,1.25,1980-05-30 14:37:25
775,Tranvia_35,L50,1.0,1994-01-14 20:38:59
776,Bus_38,L28,2.0,1983-01-21 00:24:42
777,Bus_18,L81,1.75,2016-07-30 17:16:54
778,Bus_14,L22,1.75,2015-02-12 22:10:46
779,Tranvia_60,L40,1.25,2024-08-13 23:44:35
780,Tranvia_44,L15,1.75,2022-11-30 23:47:11
781,Tranvia_98,L92,1.0,2016-11-30 14:00:12
782,Bus_35,L7,1.25,2014-07-02 10:01:43
783,Bus_86,L52,2.0,2015-08-28 03:50:49
784,Tranvia_66,L27,1.5,1974-12-29 04:30:13
785,Tranvia_71,L11,2.0,1999-04-20 11:09:15
786,Bus_38,L92,1.25,2001-04-25 09:36:10
787,Tranvia_67,L54,2.0,1988-08-03 00:50:49
788,Tranvia_49,L31,1.25,1987-08-24 10:53:12
789,Bus_42,L16,2.0,1999-06-11 23:21:04
790,Bus_7,L98,1.5,1989-08-09 18:02:00
791,Tranvia_100,L6,1.25,1994-03-19 04:07:15
792,Tranvia_9,L84,2.0,2005-08-31 10:32:05
793,Tranvia_60,L71,1.5,2021-11-23 21:47:39
794,Bus_87,L91,1.0,1990-02-19 11:43:00
795,Tranvia_16,L91,1.5,1986-04-22 07:10:53
796,Bus_77,L62,1.75,1992-04-15 18:36:09
797,Tranvia_56,L79,1.25,1976-07-31 16:34:24
798,Tranvia_38,L80,1.0,1975-12-27 01:00:22
799,Tranvia_30,L80,2.0,2015-08-19 23:57:51
800,Tranvia_8,L70,1.5,1985-08-24 06:37:31
801,Bus_29,L77,1.25,1987-09-05 10:23:10
802,Bus_49,L19,2.0,2005-08-16 14:09:06
803,Tranvia_91,L16,2.0,1981-05-21 22:43:39
804,Bus_69,L70,2.0,1976-02-21 20:45:27
805,Bus_39,L98,1.75,2020-06-18 09:45:57
806,Bus_30,L84,1.5,1990-06-24 13:51:58
807,Bus_77,L63,1.75,2021-02-16 10:11:40
808,Tranvia_28,L17,1.25,2010-06-20 04:49:16
809,Tranvia_19,L21,1.0,1995-02-04 16:40:35
810,Bus_36,L63,1.75,2020-12-03 03:38:54
811,Bus_12,L88,2.0,2001-02-13 09:34:27
812,Bus_16,L57,2.0,1982-06-25 18:09:33
813,Bus_25,L97,1.25,1984-12-30 04:19:37
814,Tranvia_33,L27,1.75,2015-01-06 09:17:13
815,Tranvia_15,L95,2.0,2016-02-03 21:03:55
816,Bus_34,L55,1.25,1972-08-01 06:21:29
817,Tranvia_3,L11,1.0,1975-12-10 14:57:13
818,Bus_61,L62,1.25,1988-08-13 22:42:34
819,Bus_21,L30,2.0,1994-02-18 05:38:20
820,Bus_11,L62,1.5,2015-08-04 00:40:12
821,Bus_47,L44,1.25,2021-01-12 18:22:41
822,Tranvia_15,L53,1.25,2019-03-01 09:05:27
823,Bus_40,L54,1.5,2023-03-11 18:28:26
824,Tranvia_23,L4,1.75,2005-02-16 19:35:12
825,Bus_15,L23,1.25,2012-04-20 09:02:09
826,Tranvia_83,L4,1.75,1970-09-09 06:15:43
827,Tranvia_56,L17,1.0,1983-05-02 19:13:59
828,Tranvia_75,L30,1.5,2006-12-04 05:09:11
829,Tranvia_93,L26,1.75,1979-05-13 12:00:18
830,Tranvia_57,L13,2.0,1996-12-17 15:44:34
831,Tranvia_75,L56,1.0,1983-03-02 05:42:12
832,Bus_99,L9,1.0,1995-10-06 08:23:05
833,Bus_70,L21,2.0,1978-01-30 21:58:14
834,Bus_94,L94,1.75,2011-10-11 13:37:03
835,Bus_47,L78,1.0,1987-01-30 10:27:09
836,Tranvia_58,L27,1.25,1985-05-06 18:42:16
837,Bus_30,L15,2.0,1977-01-04 01:23:10
838,Tranvia_85,L45,2.0,1990-03-05 05:34:33
839,Bus_70,L20,1.0,1985-10-12 09:11:20
840,Bus_1,L65,1.25,1984-11-15 03:59:05
841,Tranvia_64,L17,2.0,1972-12-18 23:41:52
842,Bus_91,L10,2.0,2000-03-23 09:20:25
843,Bus_17,L81,1.5,2001-02-01 16:59:12
844,Bus_68,L31,1.25,2021-03-19 17:15:00
845,Tranvia_99,L19,1.0,2000-05-10 15:15:29
846,Tranvia_82,L44,1.0,2010-06-03 01:56:51
847,Bus_56,L38,1.0,2004-04-29 19:53:15
848,Tranvia_26,L85,2.0,1998-05-04 17:19:01
849,Tranvia_20,L48,1.75,2003-04-13 11:39:38
850,Tranvia_55,L51,1.25,1993-06-11 16:10:39
851,Tranvia_99,L68,1.5,1973-02-18 23:48:36
852,Tranvia_32,L50,1.5,2007-12-30 07:27:56
853,Bus_92,L71,1.25,2010-10-06 22:58:30
854,Tranvia_14,L45,1.25,2000-03-16 19:12:21
855,Bus_29,L30,1.5,1974-04-24 06:38:49
856,Tranvia_37,L80,1.75,2001-09-18 22:12:56
857,Tranvia_44,L10,1.5,2010-04-04 08:39:48
858,Bus_84,L56,1.25,2017-03-30 06:13:51
859,Tranvia_69,L27,2.0,1982-11-19 07:27:44
860,Bus_53,L20,1.75,1975-04-08 09:53:24
861,Tranvia_4,L66,1.25,2002-10-16 14:18:13
862,Bus_47,L12,2.0,1980-07-12 05:10:35
863,Bus_26,L8,1.25,2017-07-26 01:02:17
864,Tranvia_2,L8,1.25,2010-08-16 10:23:46
865,Bus_77,L28,2.0,2015-09-21 08:33:16
866,Tranvia_18,L20,1.25,2019-08-17 09:24:30
867,Bus_42,L75,1.25,2014-12-30 02:39:21
868,Tranvia_62,L34,1.5,2014-09-02 03:52:07
869,Tranvia_89,L63,1.5,1996-05-28 01:36:24
870,Tranvia_69,L99,1.75,2024-12-21 21:15:25
871,Bus_53,L69,1.5,1990-11-16 04:15:25
872,Tranvia_77,L32,1.0,1993-09-27 02:39:19
873,Bus_79,L87,1.0,1985-08-07 04:17:48
874,Bus_87,L11,2.0,2021-12-28 12:49:37
875,Bus_79,L44,1.25,1979-06-26 13:59:39
876,Tranvia_88,L68,1.5,2010-04-30 00:13:16
877,Tranvia_14,L35,2.0,1997-08-26 02:48:47
878,Tranvia_98,L86,1.25,1976-01-11 08:07:50
879,Bus_93,L78,1.0,1978-10-31 01:56:11
880,Bus_18,L45,1.0,1996-02-28 19:16:19
881,Bus_45,L53,1.75,2023-02-02 19:57:28
882,Bus_14,L78,1.75,1980-05-07 09:11:07
883,Tranvia_7,L34,1.75,2020-10-23 04:23:59
884,Bus_81,L88,1.5,2010-07-14 14:21:32
885,Tranvia_41,L35,1.5,2009-03-21 20:32:07
886,Tranvia_98,L77,1.75,1981-07-25 18:45:58
887,Tranvia_18,L16,1.0,1972-02-22 22:23:33
888,Tranvia_36,L53,1.25,2025-01-03 12:43:03
889,Bus_12,L2,1.75,1991-12-08 23:10:04
890,Tranvia_87,L32,1.25,1999-10-10 07:06:13
891,Bus_59,L19,2.0,2011-12-29 16:25:09
892,Bus_33,L70,1.0,2007-01-14 11:30:11
893,Bus_43,L39,1.5,1974-04-03 06:48:05
894,Tranvia_17,L83,1.25,1971-08-13 19:46:46
895,Tranvia_37,L16,1.25,1993-03-09 21:42:51
896,Tranvia_48,L18,2.0,2015-05-12 04:59:36
897,Tranvia_82,L7,1.5,1995-02-05 02:05:22
898,Tranvia_21,L13,1.0,2023-06-12 05:35:41
899,Tranvia_6,L76,1.25,1998-07-07 19:40:40
900,Bus_52,L15,1.75,1987-11-25 17:40:11
901,Bus_38,L20,1.25,1979-06-18 06:27:51
902,Bus_22,L69,1.25,2004-11-14 03:19:29
903,Bus_36,L46,1.0,1992-12-17 18:27:32
904,Bus_30,L85,1.5,2013-06-01 11:10:02
905,Tranvia_86,L86,1.5,2021-08-20 19:28:40
906,Tranvia_34,L99,1.5,1989-03-13 10:05:29
907,Tranvia_68,L74,1.5,1982-09-06 16:01:30
908,Bus_86,L66,2.0,2024-12-01 16:06:12
909,Tranvia_86,L89,1.5,2016-08-03 02:11:10
910,Tranvia_39,L91,1.5,1988-12-10 12:49:23
911,Tranvia_61,L34,1.75,2008-11-10 15:41:08
912,Bus_39,L100,1.5,2003-03-21 11:34:16
913,Tranvia_34,L74,2.0,2001-04-20 11:30:30
914,Bus_10,L16,1.25,1970-10-14 11:01:51
915,Bus_75,L88,1.5,2019-03-03 05:22:49
916,Bus_7,L42,1.75,2022-01-05 09:43:09
917,Bus_70,L58,1.5,2011-12-28 07:17:32
918,Tranvia_2,L71,1.25,1972-08-10 05:23:26
919,Bus_5,L71,1.0,2000-05-06 14:42:08
920,Tranvia_6,L1,1.75,2016-04-15 17:13:31
921,Tranvia_56,L67,2.0,1992-04-14 22:09:24
922,Bus_33,L6,2.0,2022-10-20 18:59:29
923,Tranvia_90,L80,1.0,1980-10-05 00:21:56
924,Tranvia_30,L47,1.75,1983-03-05 12:12:50
925,Tranvia_56,L27,1.0,2016-01-29 14:48:22
926,Bus_71,L38,1.75,1970-04-03 17:32:57
927,Bus_51,L9,1.5,2016-07-24 07:40:53
928,Tranvia_29,L70,1.5,2003-10-04 20:50:10
929,Bus_60,L8,1.0,2001-06-07 09:53:49
930,Tranvia_10,L61,2.0,1995-08-24 17:25:35
931,Tranvia_13,L100,1.0,2010-09-11 09:16:16
932,Bus_83,L4,1.25,2006-01-05 10:04:36
933,Bus_11,L81,1.5,1977-05-03 01:34:10
934,Tranvia_8,L93,1.25,2019-03-26 17:19:23
935,Tranvia_71,L50,2.0,2013-02-20 03:44:07
936,Tranvia_99,L70,1.0,1986-05-24 10:57:39
937,Tranvia_30,L40,1.0,1974-08-18 19:03:26
938,Tranvia_77,L25,1.75,2011-07-26 10:09:56
939,Bus_7,L10,1.25,1997-07-18 08:25:24
940,Bus_20,L58,1.0,1972-09-14 22:20:02
941,Tranvia_95,L40,1.5,1994-05-31 13:16:28
942,Tranvia_19,L76,1.25,1984-11-12 05:39:31
943,Bus_100,L41,1.75,1985-10-30 20:10:14
944,Bus_85,L9,1.25,1993-11-07 05:32:15
945,Tranvia_96,L68,1.5,2009-06-14 14:43:09
946,Tranvia_54,L83,2.0,2021-10-15 11:28:56
947,Bus_24,L91,1.0,1974-03-12 05:15:53
948,Bus_92,L78,1.75,1999-02-01 05:14:05
949,Tranvia_35,L90,1.75,1996-01-05 11:28:46
950,Bus_57,L61,1.0,2015-04-02 19:21:20
951,Tranvia_27,L95,1.75,1995-06-01 07:48:51
952,Tranvia_64,L36,1.25,1983-01-12 17:28:08
953,Bus_7,L63,1.25,2023-05-21 21:20:53
954,Tranvia_16,L63,2.0,2018-10-29 12:54:54
955,Bus_47,L31,1.75,2009-10-25 02:48:07
956,Tranvia_52,L32,1.25,2006-08-22 06:13:57
957,Bus_36,L73,1.75,1991-02-16 10:32:26
958,Bus_22,L13,1.75,2015-11-04 09:19:50
959,Bus_85,L97,1.0,1975-08-26 11:24:08
960,Bus_97,L82,1.5,2001-12-13 21:31:32
961,Bus_14,L86,1.0,1990-06-06 03:52:11
962,Bus_51,L64,2.0,2018-04-14 17:54:31
963,Tranvia_65,L49,1.0,2002-05-22 09:36:12
964,Tranvia_67,L96,1.0,1977-02-07 23:49:01
965,Tranvia_78,L16,1.0,1983-09-11 11:09:31
966,Tranvia_83,L34,1.75,2012-07-01 19:59:24
967,Tranvia_74,L69,1.25,2014-02-02 14:17:59
968,Bus_51,L55,1.0,2017-02-28 19:18:35
969,Tranvia_54,L80,1.75,1977-07-13 05:56:45
970,Tranvia_76,L90,1.75,2013-12-01 22:08:08
971,Tranvia_11,L39,1.5,1970-12-21 07:33:50
972,Bus_84,L52,1.25,1987-02-03 03:45:50
973,Bus_56,L41,1.0,2019-11-25 08:17:53
974,Tranvia_69,L97,1.75,1997-06-17 00:08:41
975,Bus_92,L21,1.5,1991-01-28 07:01:56
976,Tranvia_81,L31,1.25,1985-09-19 02:25:41
977,Bus_87,L21,1.75,1995-04-30 08:09:38
978,Bus_50,L87,2.0,2013-05-21 15:14:35
979,Bus_72,L79,2.0,2005-04-15 01:45:58
980,Tranvia_87,L24,1.25,2010-11-12 03:19:14
981,Bus_10,L46,2.0,1985-06-08 07:31:01
982,Bus_45,L56,1.75,1972-03-03 07:37:09
983,Bus_12,L90,1.25,1993-11-30 18:24:02
984,Bus_50,L33,1.75,1992-04-27 00:59:28
985,Tranvia_20,L73,1.25,2013-10-30 02:42:49
986,Tranvia_63,L57,1.75,1981-04-29 09:58:22
987,Tranvia_10,L56,1.5,1998-08-02 02:54:03
988,Tranvia_31,L30,1.25,1978-12-19 20:43:29
989,Bus_59,L82,1.25,1997-06-06 10:37:33
990,Bus_97,L37,1.0,2011-11-18 02:45:15
991,Bus_67,L12,1.75,1979-09-27 17:31:55
992,Tranvia_92,L24,1.25,1990-08-01 17:37:08
993,Bus_42,L99,1.25,1998-05-04 21:11:27
994,Tranvia_3,L38,1.0,2003-11-30 03:08:55
995,Bus_66,L55,1.5,1979-08-12 23:52:50
996,Bus_76,L57,1.75,2018-02-05 05:00:36
997,Tranvia_28,L50,1.25,2009-08-13 10:35:37
998,Bus_49,L30,1.5,2007-05-14 00:20:03
999,Bus_14,L94,1.75,2010-01-14 23:01:27
1000,Bus_90,L20,2.0,1984-09-22 21:35:32
1001,Bus_71,L26,1.25,1994-01-28 16:55:58
1002,Tranvia_66,L88,1.75,2019-08-16 09:05:32
1003,Bus_51,L21,1.25,1975-07-29 11:33:50
1004,Bus_23,L79,2.0,1975-08-15 20:25:12
1005,Bus_95,L64,1.0,2004-06-01 04:31:37
1006,Tranvia_69,L75,2.0,2009-12-19 01:53:57
1007,Bus_28,L25,1.75,2008-09-20 11:17:23
1008,Bus_87,L2,2.0,1983-04-13 07:18:51
1009,Tranvia_94,L62,2.0,1978-12-14 10:56:29
1010,Tranvia_77,L63,1.75,1998-10-21 23:03:55
1011,Tranvia_86,L67,1.75,2000-09-22 21:09:46
1012,Tranvia_11,L47,1.75,1980-01-11 10:36:52
1013,Tranvia_4,L80,1.0,1984-01-26 01:09:03
1014,Tranvia_32,L56,2.0,2002-10-26 10:38:45
1015,Tranvia_92,L2,1.0,1992-04-30 04:43:36
1016,Tranvia_59,L68,1.25,1995-08-15 04:58:23
1017,Bus_98,L26,1.5,1971-03-05 19:26:02
1018,Tranvia_29,L62,2.0,2009-11-19 19:36:11
1019,Bus_100,L41,1.5,2004-03-21 02:45:06
1020,Bus_12,L24,1.75,1986-07-27 00:48:47
1021,Bus_57,L24,1.0,2009-10-22 11:29:04
1022,Tranvia_12,L81,1.75,1983-06-16 16:16:03
1023,Tranvia_14,L99,1.25,1988-05-22 17:56:28
1024,Bus_36,L71,2.0,1999-11-28 02:40:29
1025,Tranvia_17,L3,2.0,1980-05-20 03:42:16
1026,Tranvia_91,L31,1.5,2009-11-08 15:31:09
1027,Tranvia_39,L62,1.0,2020-11-18 10:01:28
1028,Bus_98,L22,1.25,2013-08-17 22:35:27
1029,Bus_22,L9,2.0,1995-01-24 07:31:13
1030,Tranvia_17,L18,1.0,2005-11-28 12:16:58
1031,Tranvia_48,L82,2.0,1989-06-07 04:53:06
1032,Tranvia_23,L59,1.75,1991-03-22 02:51:09
1033,Tranvia_51,L85,2.0,1982-10-12 18:10:52
1034,Tranvia_100,L19,1.0,2008-12-25 20:06:57
1035,Tranvia_78,L48,2.0,1981-01-11 21:10:12
1036,Tranvia_99,L49,2.0,2013-12-12 01:05:17
1037,Tranvia_47,L64,2.0,1970-02-22 22:27:46
1038,Bus_42,L42,1.75,2004-08-25 05:00:52
1039,Tranvia_85,L47,1.5,2016-02-05 06:15:46
1040,Bus_80,L56,2.0,1977-12-05 05:39:35
1041,Tranvia_68,L82,2.0,2013-11-29 23:40:05
1042,Bus_54,L67,1.75,1988-02-08 19:14:29
1043,Tranvia_54,L46,1.0,2009-07-26 11:25:42
1044,Tranvia_31,L76,1.0,2018-02-09 20:52:14
1045,Bus_59,L54,1.25,2013-11-17 23:34:52
1046,Tranvia_64,L69,1.25,1982-11-29 21:01:48
1047,Bus_48,L8,2.0,1995-07-10 20:31:18
1048,Tranvia_20,L70,1.25,2005-07-30 13:50:40
1049,Tranvia_12,L30,1.0,1975-02-03 18:23:55
1050,Tranvia_31,L22,1.75,2003-11-11 18:41:39
1051,Bus_94,L54,1.25,2007-09-09 17:36:54
1052,Tranvia_80,L67,1.5,2012-05-25 10:44:33
1053,Bus_96,L32,1.0,2008-03-28 23:39:33
1054,Tranvia_76,L41,1.75,2008-04-02 22:01:39
1055,Tranvia_75,L91,1.75,1972-11-09 09:50:09
1056,Bus_38,L31,1.5,1980-01-21 01:28:25
1057,Tranvia_79,L40,2.0,1974-04-20 07:20:39
1058,Tranvia_69,L46,1.5,1993-01-03 05:14:02
1059,Tranvia_86,L88,2.0,2024-10-09 15:54:51
1060,Tranvia_25,L50,1.25,2019-10-07 13:49:55
1061,Bus_83,L29,1.25,2016-08-28 16:49:58
1062,Bus_34,L58,1.75,2024-03-04 08:44:31
1063,Tranvia_77,L16,1.25,2018-09-17 07:42:07
1064,Tranvia_72,L29,1.75,2015-10-17 17:05:19
1065,Tranvia_65,L57,1.0,2024-01-30 21:49:18
1066,Tranvia_8,L92,2.0,1972-10-25 02:07:17
1067,Bus_18,L10,1.75,1984-08-29 21:24:37
1068,Bus_11,L38,1.0,1984-03-13 17:03:38
1069,Tranvia_37,L82,1.75,2014-05-11 10:42:07
1070,Tranvia_59,L69,1.75,1983-09-03 17:02:45
1071,Bus_29,L9,1.25,1982-12-30 12:24:22
1072,Bus_78,L41,1.0,1973-04-24 11:00:49
1073,Tranvia_73,L93,2.0,1995-01-11 10:25:59
1074,Bus_22,L27,2.0,1998-08-15 17:24:22
1075,Bus_1,L80,1.25,1990-12-19 16:38:47
1076,Tranvia_13,L59,1.0,2002-04-09 20:22:41
1077,Tranvia_29,L53,1.75,1994-03-25 00:14:03
1078,Tranvia_72,L84,1.0,1974-05-07 15:42:19
1079,Tranvia_90,L6,1.25,2006-04-19 07:57:09
1080,Bus_45,L2,1.75,2006-03-03 11:13:16
1081,Tranvia_12,L69,1.5,1998-02-05 15:10:34
1082,Bus_21,L81,1.0,2022-06-27 02:14:58
1083,Tranvia_64,L28,2.0,2014-10-31 04:42:17
1084,Bus_68,L42,2.0,2012-03-21 18:21:56
1085,Tranvia_91,L5,1.25,1988-03-22 08:25:31
1086,Bus_6,L23,1.25,2004-01-19 08:29:38
1087,Bus_21,L64,1.0,2003-02-27 04:46:44
1088,Tranvia_19,L64,1.75,1975-02-02 08:28:33
1089,Tranvia_83,L16,2.0,2024-10-20 23:11:51
1090,Bus_29,L65,1.0,1974-09-14 13:01:19
1091,Tranvia_48,L58,2.0,2024-06-07 20:53:33
1092,Bus_40,L68,1.75,1977-08-13 21:55:39
1093,Tranvia_25,L33,1.25,1977-09-11 15:59:14
1094,Bus_82,L23,1.0,1995-02-21 08:06:10
1095,Tranvia_40,L81,1.25,1988-10-06 02:25:05
1096,Tranvia_89,L29,1.75,1981-03-17 04:52:57
1097,Tranvia_38,L61,1.5,2008-09-16 16:16:35
1098,Tranvia_63,L3,1.75,1980-01-12 06:05:58
1099,Tranvia_86,L87,1.25,2023-07-19 00:41:21
1100,Bus_30,L53,1.5,1994-09-26 20:43:11
1101,Bus_70,L46,1.25,2001-08-04 09:16:48
1102,Tranvia_24,L65,2.0,1983-05-15 06:46:00
1103,Bus_56,L64,1.5,2006-10-09 05:22:13
1104,Tranvia_63,L70,1.25,2019-03-16 21:33:56
1105,Bus_54,L22,1.0,2018-02-02 00:11:23
1106,Tranvia_4,L90,1.5,1988-07-23 15:47:27
1107,Tranvia_2,L12,1.0,1975-01-28 09:03:54
1108,Bus_57,L7,1.25,1990-11-05 13:51:01
1109,Bus_45,L38,1.0,2000-02-28 10:20:13
1110,Tranvia_67,L28,1.0,1981-07-01 18:21:47
1111,Bus_21,L15,2.0,1985-07-12 18:56:37
1112,Tranvia_63,L84,1.25,2021-01-30 06:14:35
1113,Bus_53,L34,1.5,2017-09-10 22:09:37
1114,Bus_54,L48,1.0,1999-07-25 14:57:31
1115,Bus_11,L1,1.75,2008-01-23 02:18:54
1116,Tranvia_93,L2,1.25,1987-10-05 03:53:23
1117,Bus_57,L66,1.5,1981-04-22 14:20:03
1118,Bus_92,L29,1.75,1997-01-03 07:44:21
1119,Tranvia_78,L4,2.0,1972-09-21 07:44:56
1120,Bus_36,L82,1.25,2017-08-15 20:44:50
1121,Tranvia_68,L60,1.5,2000-09-26 13:35:18
1122,Tranvia_89,L70,1.75,2019-04-26 13:13:58
1123,Tranvia_77,L76,1.25,2018-10-27 05:28:08
1124,Tranvia_17,L81,1.25,1999-08-28 00:42:16
1125,Bus_91,L46,1.25,2024-12-02 18:11:50
1126,Tranvia_33,L92,2.0,2004-05-14 11:17:06
1127,Tranvia_11,L72,2.0,1976-07-22 03:03:41
1128,Tranvia_1,L31,1.75,1974-04-16 16:08:44
1129,Tranvia_77,L36,1.0,2018-06-04 04:58:36
1130,Bus_45,L80,1.5,2014-08-22 07:29:27
1131,Bus_100,L5,1.25,1998-09-28 19:27:16
1132,Tranvia_30,L26,1.25,1978-03-11 17:58:44
1133,Bus_7,L22,1.0,1984-11-09 07:54:01
1134,Bus_24,L76,1.5,1991-12-21 23:31:50
1135,Bus_96,L22,1.5,2001-10-25 05:29:02
1136,Tranvia_58,L12,1.25,1982-06-25 18:59:49
1137,Tranvia_76,L30,1.25,1988-04-20 01:38:16
1138,Tranvia_59,L34,1.5,2011-06-09 18:50:53
1139,Tranvia_52,L40,1.0,1980-02-01 14:55:44
1140,Tranvia_60,L42,2.0,2002-03-12 23:37:27
1141,Tranvia_21,L98,1.5,1976-06-04 12:08:51
1142,Bus_7,L97,2.0,1974-11-12 08:16:32
1143,Bus_78,L57,1.0,1995-03-17 05:35:16
1144,Tranvia_48,L96,1.75,2019-08-21 13:35:26
1145,Bus_5,L63,2.0,2009-09-30 08:36:16
1146,Tranvia_54,L19,1.25,1985-10-01 22:09:48
1147,Tranvia_38,L71,1.5,1970-12-23 06:45:29
1148,Bus_92,L24,1.5,1985-09-12 13:42:46
1149,Bus_47,L35,1.0,1987-03-31 11:35:06
1150,Tranvia_36,L53,1.75,2012-10-27 09:59:25
1151,Tranvia_70,L82,1.0,2011-01-11 22:30:17
1152,Tranvia_98,L11,1.25,1999-10-31 08:52:13
1153,Tranvia_2,L94,1.5,2015-01-28 01:55:54
1154,Tranvia_4,L43,1.5,1992-03-21 23:56:57
1155,Bus_14,L24,1.25,1984-03-15 08:50:03
1156,Tranvia_74,L92,1.25,2015-11-19 16:11:08
1157,Bus_32,L63,1.25,1980-11-17 00:25:00
1158,Tranvia_88,L51,1.5,2017-10-29 01:28:36
1159,Bus_75,L57,2.0,2009-11-16 18:28:03
1160,Tranvia_66,L25,2.0,2000-12-31 00:55:56
1161,Tranvia_20,L95,2.0,1997-07-30 08:47:21
1162,Bus_14,L15,2.0,2017-03-22 22:22:15
1163,Tranvia_20,L53,2.0,2018-07-31 19:55:43
1164,Tranvia_63,L39,1.5,2001-09-06 04:11:10
1165,Tranvia_73,L25,2.0,1997-10-12 08:12:45
1166,Bus_63,L35,1.75,1989-03-22 21:04:23
1167,Bus_68,L82,1.75,1976-05-10 02:14:02
1168,Bus_46,L92,2.0,2000-10-17 16:40:05
1169,Tranvia_58,L55,1.25,1982-10-28 00:52:18
1170,Tranvia_76,L95,2.0,1976-09-06 23:52:36
1171,Bus_33,L85,1.75,1982-02-01 02:32:25
1172,Bus_82,L7,1.75,1980-11-23 01:49:02
1173,Bus_47,L2,1.75,2010-09-05 14:51:40
1174,Bus_68,L68,1.25,1978-10-09 05:59:10
1175,Tranvia_78,L22,1.75,1970-03-04 10:40:04
1176,Bus_91,L25,1.0,2009-12-27 07:09:26
1177,Bus_63,L79,2.0,1981-06-01 23:02:33
1178,Tranvia_44,L84,1.25,2000-07-24 09:31:27
1179,Bus_70,L24,1.25,1989-09-19 08:17:01
1180,Bus_32,L38,1.75,2014-04-10 04:37:53
1181,Bus_66,L31,1.25,1997-03-20 15:32:21
1182,Tranvia_95,L91,1.0,1987-09-04 18:59:13
1183,Bus_56,L9,2.0,1987-02-15 03:47:20
1184,Tranvia_78,L5,1.5,1976-08-30 05:33:47
1185,Bus_29,L62,1.75,1981-12-30 21:09:49
1186,Tranvia_27,L16,2.0,1984-05-12 00:52:24
1187,Bus_65,L18,2.0,2020-05-17 20:47:06
1188,Tranvia_52,L82,2.0,1989-07-04 07:14:47
1189,Tranvia_89,L92,1.0,1995-05-03 18:30:52
1190,Tranvia_91,L91,1.75,2020-12-30 15:02:42
1191,Tranvia_33,L21,1.0,1974-04-17 16:12:37
1192,Bus_27,L62,2.0,2005-12-06 00:53:16
1193,Bus_10,L35,1.0,1982-06-21 21:32:01
1194,Tranvia_23,L2,2.0,2010-11-20 21:32:35
1195,Tranvia_47,L6,1.75,1996-08-28 07:16:02
1196,Bus_30,L36,1.25,2004-02-20 14:18:57
1197,Bus_42,L80,1.0,1975-12-16 07:04:32
1198,Tranvia_89,L15,1.25,1971-11-30 15:21:08
1199,Bus_24,L42,1.5,2006-09-17 21:07:32
1200,Tranvia_94,L68,2.0,1972-07-08 02:21:49
1201,Tranvia_82,L10,2.0,2004-03-24 07:47:22
1202,Bus_48,L20,1.75,1979-07-08 11:32:15
1203,Tranvia_80,L83,1.5,2024-12-29 17:59:36
1204,Bus_80,L12,1.25,1988-12-19 13:27:14
1205,Tranvia_70,L100,1.0,2002-03-04 08:17:44
1206,Tranvia_43,L45,1.0,2023-10-18 08:04:56
1207,Bus_54,L41,1.75,2014-07-28 19:58:18
1208,Bus_28,L34,2.0,2015-10-03 06:24:07
1209,Tranvia_7,L16,1.25,1972-04-18 08:19:30
1210,Bus_82,L72,1.25,2006-06-11 04:34:58
1211,Bus_96,L89,2.0,1986-08-17 13:19:59
1212,Bus_24,L52,2.0,2016-10-12 14:42:40
1213,Tranvia_57,L68,1.0,1976-05-05 14:31:49
1214,Tranvia_17,L95,1.0,1994-03-13 22:53:07
1215,Tranvia_23,L34,1.25,1971-04-19 10:22:58
1216,Bus_84,L57,1.5,2008-12-28 01:36:45
1217,Bus_13,L99,1.25,2015-06-20 00:26:44
1218,Bus_84,L67,1.25,1973-07-06 21:13:02
1219,Bus_23,L56,1.25,2015-04-10 13:45:19
1220,Bus_29,L3,1.75,1977-02-04 14:08:41
1221,Tranvia_47,L57,1.5,2020-04-21 07:37:48
1222,Tranvia_35,L3,1.5,1997-11-24 21:43:02
1223,Bus_36,L67,2.0,2014-04-05 15:51:54
1224,Bus_93,L62,2.0,1971-12-16 22:15:26
1225,Bus_93,L32,2.0,2019-10-19 02:30:50
1226,Bus_100,L5,1.5,2004-01-13 22:08:46
1227,Bus_17,L90,1.25,1987-10-19 08:39:36
1228,Tranvia_7,L56,1.5,1977-07-26 02:39:39
1229,Tranvia_39,L89,1.5,1994-11-02 23:15:39
1230,Tranvia_19,L92,1.75,2004-10-06 05:06:38
1231,Tranvia_92,L4,1.5,2005-11-18 06:31:53
1232,Bus_71,L1,1.0,2009-07-30 04:44:06
1233,Bus_45,L42,1.5,2005-09-16 19:45:17
1234,Bus_47,L93,1.75,1999-02-12 15:09:21
1235,Bus_9,L77,1.5,2009-02-01 23:34:06
1236,Tranvia_6,L88,1.0,2023-01-30 01:53:20
1237,Bus_78,L6,1.0,1982-09-02 17:42:20
1238,Bus_36,L89,1.75,1993-07-17 12:20:01
1239,Tranvia_67,L11,1.25,2022-08-11 21:40:00
1240,Tranvia_37,L75,1.0,2017-03-05 17:06:27
1241,Bus_83,L45,2.0,2011-12-13 12:44:20
1242,Bus_18,L34,1.0,1984-09-28 14:18:47
1243,Tranvia_33,L55,1.0,1996-11-14 02:21:03
1244,Tranvia_42,L72,1.25,2018-07-31 09:51:22
1245,Bus_19,L26,1.5,2011-02-16 16:35:29
1246,Bus_100,L72,1.75,2006-09-22 17:44:18
1247,Tranvia_94,L38,1.25,2008-02-08 08:57:40
1248,Bus_5,L16,1.0,1993-08-11 03:12:23
1249,Bus_80,L38,1.75,2005-02-13 22:42:03
1250,Bus_85,L23,1.5,1975-10-29 12:54:15
1251,Bus_28,L18,1.5,2007-01-20 18:13:58
1252,Tranvia_79,L20,1.75,1976-02-27 04:34:35
1253,Tranvia_64,L54,1.0,1995-01-23 13:10:14
1254,Bus_47,L70,1.0,2018-08-08 13:37:38
1255,Bus_79,L39,2.0,2012-11-05 11:21:48
1256,Bus_64,L91,1.0,2016-11-19 22:17:59
1257,Tranvia_17,L32,1.0,1988-10-26 20:55:52
1258,Bus_97,L11,1.75,1972-03-15 08:14:35
1259,Bus_41,L16,2.0,2002-02-17 19:31:33
1260,Tranvia_49,L15,1.25,1999-03-13 02:48:10
1261,Bus_87,L26,1.5,1982-06-30 18:45:50
1262,Bus_50,L14,2.0,2006-03-03 20:54:04
1263,Bus_41,L71,1.75,1998-01-21 16:00:53
1264,Tranvia_3,L26,1.25,1985-03-24 02:14:17
1265,Bus_4,L63,1.5,1993-08-27 04:08:01
1266,Bus_54,L62,1.75,2013-04-10 09:01:54
1267,Bus_91,L82,2.0,2012-06-03 15:17:14
1268,Bus_74,L40,1.75,2000-08-26 01:47:14
1269,Tranvia_42,L64,1.5,2013-12-12 01:35:47
1270,Tranvia_18,L17,1.5,1984-02-09 09:50:02
1271,Bus_81,L77,1.75,1973-06-13 12:19:49
1272,Tranvia_84,L78,1.25,2012-03-12 04:59:37
1273,Bus_82,L48,2.0,1982-12-24 12:28:49
1274,Bus_12,L28,1.25,2012-07-05 19:55:27
1275,Bus_55,L56,2.0,1970-03-24 19:17:53
1276,Bus_83,L46,1.75,1974-03-07 10:03:02
1277,Bus_37,L75,1.5,1991-11-16 13:04:26
1278,Bus_44,L34,2.0,2006-08-24 11:35:38
1279,Tranvia_8,L96,1.75,1995-02-13 09:20:40
1280,Tranvia_12,L93,2.0,1987-11-03 23:38:04
1281,Tranvia_20,L10,1.75,1976-04-25 06:23:48
1282,Bus_23,L11,1.75,2017-10-30 09:54:48
1283,Bus_8,L41,1.0,1982-10-07 18:41:06
1284,Tranvia_21,L36,1.5,1998-01-20 22:13:46
1285,Bus_43,L21,2.0,2018-04-26 02:10:05
1286,Bus_96,L4,1.75,2019-11-30 18:59:43
1287,Bus_37,L64,1.75,2019-07-25 13:56:52
1288,Bus_25,L42,2.0,2016-01-09 04:27:56
1289,Bus_5,L96,1.0,1994-08-03 07:08:03
1290,Tranvia_58,L11,1.25,1981-07-01 13:16:15
1291,Tranvia_75,L84,1.5,1996-11-06 23:44:18
1292,Tranvia_63,L33,2.0,2022-08-20 19:07:54
1293,Bus_7,L73,1.5,2013-11-17 02:02:13
1294,Bus_8,L98,1.75,1978-10-20 10:50:16
1295,Bus_53,L25,1.5,1988-07-12 00:20:08
1296,Tranvia_42,L30,1.0,2001-11-21 21:37:10
1297,Bus_92,L60,2.0,1997-04-11 11:35:09
1298,Bus_76,L73,1.5,1970-01-08 23:35:32
1299,Bus_91,L22,1.5,1977-04-27 19:48:17
1300,Bus_41,L25,1.0,1990-08-29 15:44:11
1301,Tranvia_74,L3,1.0,2023-05-24 01:26:25
1302,Bus_92,L52,1.25,1976-11-28 09:54:42
1303,Tranvia_91,L46,1.75,1996-12-10 03:00:32
1304,Bus_87,L38,1.0,1970-10-16 17:35:26
1305,Tranvia_42,L13,1.25,1995-09-01 19:45:13
1306,Bus_17,L87,1.5,2014-10-28 00:42:16
1307,Bus_100,L42,1.0,1974-10-17 05:13:22
1308,Tranvia_33,L4,1.0,1996-03-28 06:20:46
1309,Tranvia_53,L77,1.75,1981-08-03 12:39:38
1310,Tranvia_46,L29,1.0,1989-12-17 16:05:32
1311,Bus_84,L54,1.5,2010-01-04 04:37:15
1312,Tranvia_11,L5,2.0,1986-09-24 16:20:37
1313,Tranvia_58,L47,1.75,1997-03-20 17:19:46
1314,Tranvia_61,L71,1.75,1986-04-12 12:19:30
1315,Bus_58,L1,2.0,2006-03-07 17:02:40
1316,Bus_59,L95,1.5,2004-07-12 23:03:41
1317,Bus_29,L48,1.0,2004-04-14 07:51:46
1318,Tranvia_63,L80,1.5,2006-10-04 18:29:31
1319,Tranvia_32,L40,1.0,1993-08-07 16:54:14
1320,Bus_95,L66,2.0,1997-10-03 00:02:30
1321,Tranvia_51,L68,1.5,1984-11-21 22:49:50
1322,Tranvia_9,L50,2.0,2023-11-15 22:56:50
1323,Bus_77,L10,1.5,1983-05-08 18:19:38
1324,Tranvia_58,L49,2.0,2023-11-20 20:45:50
1325,Bus_20,L93,1.5,2008-07-03 03:32:07
1326,Tranvia_2,L47,1.75,2024-04-01 09:07:05
1327,Tranvia_12,L60,1.5,2018-04-23 22:41:22
1328,Bus_95,L7,1.75,2010-04-06 08:29:11
1329,Tranvia_72,L24,1.25,2000-04-19 22:06:44
1330,Tranvia_28,L33,1.25,1975-02-02 17:24:38
1331,Tranvia_2,L97,1.25,1982-01-13 19:36:32
1332,Tranvia_85,L77,1.25,1984-01-04 17:29:55
1333,Bus_13,L23,1.5,2024-02-05 04:38:16
1334,Bus_9,L61,1.25,1990-05-20 20:59:48
1335,Bus_46,L49,2.0,1970-11-06 00:30:51
1336,Bus_62,L64,1.75,2006-05-12 17:26:28
1337,Bus_24,L89,1.0,2021-07-23 05:33:02
1338,Tranvia_6,L73,1.25,1970-05-24 13:16:49
1339,Bus_67,L12,2.0,1976-05-15 05:21:13
1340,Bus_13,L98,1.0,1981-05-31 16:17:21
1341,Tranvia_64,L29,1.0,1976-10-31 00:19:45
1342,Bus_81,L76,1.25,1986-04-03 07:13:49
1343,Bus_37,L34,1.0,2015-12-26 06:23:15
1344,Tranvia_7,L48,1.0,1992-03-22 05:17:40
1345,Tranvia_6,L68,1.5,1986-06-18 02:21:40
1346,Tranvia_96,L2,2.0,1975-04-06 08:21:08
1347,Tranvia_78,L99,1.5,1976-06-21 03:22:52
1348,Bus_35,L75,2.0,1979-01-04 22:14:39
1349,Bus_77,L11,1.25,1999-07-25 03:40:17
1350,Bus_94,L20,1.25,1992-01-21 19:52:07
1351,Tranvia_76,L54,1.25,1978-03-20 12:59:44
1352,Bus_47,L5,1.75,1984-03-15 19:10:06
1353,Bus_3,L93,1.0,1974-07-28 23:58:32
1354,Bus_89,L53,1.0,2000-11-14 14:58:14
1355,Bus_100,L98,1.0,2013-02-09 21:17:16
1356,Tranvia_42,L16,1.25,1997-02-20 09:07:18
1357,Bus_42,L53,1.5,2005-01-01 16:26:11
1358,Bus_84,L98,1.25,2001-07-06 15:34:06
1359,Bus_3,L11,1.0,2009-10-11 09:37:58
1360,Tranvia_96,L47,1.25,2002-08-02 11:33:37
1361,Bus_19,L9,1.0,1976-12-28 11:39:57
1362,Tranvia_81,L7,1.75,2000-01-16 20:17:55
1363,Tranvia_25,L71,2.0,1981-12-15 09:38:49
1364,Tranvia_48,L41,1.0,2025-02-06 11:30:34
1365,Tranvia_54,L21,1.5,1999-02-08 13:11:18
1366,Tranvia_52,L32,1.25,2024-09-03 05:20:28
1367,Bus_79,L56,1.5,2008-02-01 08:02:13
1368,Bus_22,L97,1.75,2012-02-19 03:39:47
1369,Tranvia_21,L12,1.5,1980-04-02 04:37:01
1370,Bus_29,L42,2.0,2006-02-23 06:48:29
1371,Tranvia_13,L28,1.75,2021-03-05 13:25:22
1372,Bus_90,L32,1.25,2004-04-03 21:16:28
1373,Tranvia_32,L53,1.0,2009-01-15 04:26:58
1374,Bus_16,L74,1.75,2011-12-13 10:17:25
1375,Bus_66,L57,1.25,2010-08-06 01:06:15
1376,Bus_74,L74,1.5,1974-07-12 18:02:23
1377,Tranvia_34,L69,1.25,2008-11-28 22:14:01
1378,Tranvia_95,L28,1.5,2018-06-26 13:16:06
1379,Bus_63,L14,1.75,1993-01-19 01:29:21
1380,Bus_5,L56,2.0,1971-07-03 22:57:34
1381,Tranvia_8,L70,2.0,2010-07-04 02:47:57
1382,Tranvia_43,L70,1.0,1970-04-14 09:23:05
1383,Tranvia_22,L26,1.0,1989-03-15 16:35:45
1384,Bus_32,L79,1.75,2012-05-25 22:02:03
1385,Tranvia_20,L89,1.5,2024-12-06 04:06:25
1386,Tranvia_14,L36,1.25,1990-03-21 12:28:54
1387,Bus_3,L59,1.75,1989-09-24 17:51:00
1388,Tranvia_26,L74,2.0,2009-05-01 21:59:27
1389,Bus_96,L28,1.5,2007-03-04 18:57:15
1390,Tranvia_45,L71,1.25,2018-03-23 06:57:05
1391,Bus_82,L18,1.0,2006-07-27 23:59:20
1392,Bus_34,L100,2.0,2001-03-14 17:51:43
1393,Tranvia_46,L12,1.25,2017-10-19 14:06:30
1394,Bus_65,L56,2.0,2015-04-06 01:44:02
1395,Tranvia_23,L40,1.5,2000-03-01 03:30:00
1396,Bus_10,L95,1.75,1980-09-03 14:24:57
1397,Bus_62,L96,1.0,1985-02-17 21:29:48
1398,Bus_96,L4,2.0,2005-03-23 00:20:53
1399,Bus_77,L74,1.75,2014-11-10 19:10:36
1400,Bus_78,L93,1.5,2023-04-07 08:32:55
1401,Bus_52,L73,1.75,1973-01-31 10:55:27
1402,Tranvia_55,L44,1.25,2001-07-22 01:20:18
1403,Bus_86,L87,1.75,1979-12-26 14:44:26
1404,Tranvia_81,L11,1.0,1983-03-27 16:55:06
1405,Tranvia_45,L7,2.0,1997-11-17 12:11:59
1406,Tranvia_80,L68,1.0,2010-03-09 00:00:17
1407,Tranvia_80,L49,1.5,1992-09-26 18:48:23
1408,Tranvia_96,L60,1.75,1976-12-02 14:47:38
1409,Tranvia_100,L8,2.0,1983-03-31 22:42:40
1410,Tranvia_39,L46,2.0,2012-10-04 05:24:41
1411,Tranvia_28,L44,1.0,1985-04-14 11:11:45
1412,Tranvia_49,L95,2.0,1971-05-11 01:12:50
1413,Bus_79,L53,1.25,1981-02-20 01:02:05
1414,Bus_69,L17,1.0,1996-02-12 08:11:45
1415,Bus_87,L38,1.0,2009-03-20 14:09:59
1416,Bus_67,L44,2.0,1990-05-29 21:11:38
1417,Bus_98,L82,1.0,1979-05-15 00:23:07
1418,Bus_26,L33,1.0,1973-09-13 22:05:10
1419,Bus_48,L62,2.0,1990-05-17 17:47:53
1420,Bus_54,L62,2.0,2022-09-10 03:07:49
1421,Tranvia_89,L10,2.0,1992-03-08 04:36:44
1422,Bus_27,L58,2.0,2017-01-07 03:12:58
1423,Tranvia_58,L66,1.75,1983-07-14 01:53:43
1424,Bus_4,L49,1.5,2013-09-25 09:45:21
1425,Bus_36,L25,2.0,1997-11-07 18:59:01
1426,Tranvia_3,L55,2.0,1970-01-25 21:27:35
1427,Tranvia_25,L82,1.0,1980-05-27 13:35:06
1428,Bus_14,L11,1.25,2017-03-18 09:41:38
1429,Bus_64,L86,1.25,2001-04-30 10:23:47
1430,Tranvia_54,L31,2.0,2001-02-18 13:46:37
1431,Bus_38,L55,1.0,1983-02-27 15:38:58
1432,Tranvia_79,L29,2.0,2019-05-13 17:48:14
1433,Bus_90,L76,1.5,2006-09-23 15:05:24
1434,Tranvia_91,L86,1.0,1970-10-08 22:03:24
1435,Bus_100,L59,1.5,2019-06-05 17:32:17
1436,Bus_4,L30,1.0,1998-12-22 09:13:27
1437,Tranvia_53,L28,1.25,1981-05-20 05:10:28
1438,Tranvia_34,L19,1.25,1977-09-13 10:11:54
1439,Bus_33,L80,1.75,2007-10-04 09:38:54
1440,Tranvia_41,L80,2.0,2013-07-03 08:06:16
1441,Bus_41,L2,1.0,2025-02-10 21:25:53
1442,Bus_60,L83,1.0,2012-12-08 23:55:12
1443,Bus_40,L15,1.25,1997-04-07 10:37:07
1444,Tranvia_55,L60,2.0,2006-01-28 13:14:26
1445,Tranvia_56,L90,1.0,1974-07-12 14:04:51
1446,Tranvia_74,L21,1.25,1977-06-18 21:44:56
1447,Tranvia_32,L39,1.25,1986-02-09 03:04:07
1448,Tranvia_26,L97,1.25,1976-02-28 20:05:12
1449,Bus_59,L65,1.75,2015-10-20 20:11:15
1450,Bus_23,L85,1.0,1990-09-01 06:56:34
1451,Bus_44,L70,2.0,1982-10-30 01:52:05
1452,Bus_4,L93,1.25,1973-08-27 10:19:20
1453,Tranvia_67,L50,1.25,2017-12-30 00:19:22
1454,Tranvia_46,L19,1.0,2014-06-08 10:01:20
1455,Bus_82,L3,1.75,1975-03-15 13:09:05
1456,Tranvia_51,L28,2.0,2008-05-13 07:04:49
1457,Tranvia_49,L23,1.25,2000-03-09 13:36:21
1458,Tranvia_76,L29,1.0,2010-03-07 06:56:09
1459,Bus_97,L84,1.0,1982-04-02 09:05:20
1460,Bus_25,L57,1.0,1996-07-06 22:23:42
1461,Bus_25,L93,1.5,1983-05-19 13:39:43
1462,Bus_27,L26,1.75,2006-11-18 18:04:31
1463,Bus_64,L40,1.5,1976-01-07 19:01:10
1464,Bus_86,L18,1.0,1997-01-09 18:27:33
1465,Bus_97,L12,1.0,1990-05-24 20:28:01
1466,Tranvia_41,L13,1.25,1979-08-28 18:26:51
1467,Tranvia_75,L60,1.0,1982-10-17 16:17:23
1468,Tranvia_48,L45,1.0,1995-09-17 02:50:20
1469,Tranvia_58,L46,2.0,2012-07-01 18:52:32
1470,Tranvia_58,L9,1.0,1994-07-09 02:10:41
1471,Tranvia_51,L25,2.0,2023-10-08 07:35:02
1472,Tranvia_66,L5,1.25,1993-12-28 08:08:38
1473,Bus_84,L26,2.0,2010-03-19 22:10:38
1474,Tranvia_58,L34,1.5,2021-11-27 17:53:39
1475,Tranvia_70,L5,1.25,1992-04-16 22:12:45
1476,Bus_69,L71,2.0,1992-10-26 21:57:58
1477,Tranvia_30,L93,1.5,2002-11-05 11:02:24
1478,Tranvia_4,L58,2.0,1978-05-17 13:11:50
1479,Tranvia_56,L12,1.5,2016-09-16 05:48:30
1480,Bus_49,L65,1.75,2015-02-28 22:02:25
1481,Tranvia_32,L73,1.75,1974-01-05 19:14:21
1482,Tranvia_8,L5,1.75,1977-08-13 10:38:18
1483,Tranvia_3,L23,1.25,2010-02-17 08:40:03
1484,Bus_14,L15,1.5,1997-02-24 02:55:43
1485,Bus_44,L78,1.5,2016-10-06 21:13:34
1486,Bus_85,L39,2.0,2002-10-05 13:26:14
1487,Bus_16,L23,1.75,2008-08-21 12:51:39
1488,Tranvia_9,L100,2.0,1973-05-02 07:11:13
1489,Tranvia_96,L30,1.75,1992-04-03 15:24:35
1490,Bus_87,L92,1.0,1981-04-05 12:21:17
1491,Bus_85,L15,1.75,1977-02-05 05:59:57
1492,Bus_44,L62,1.5,2000-10-08 21:58:53
1493,Tranvia_39,L94,1.25,2004-04-25 20:41:35
1494,Tranvia_38,L88,1.75,2007-10-09 08:03:24
1495,Tranvia_46,L48,1.25,2019-03-27 12:29:49
1496,Bus_89,L24,1.5,2023-07-29 14:03:02
1497,Bus_75,L10,1.25,2021-10-19 05:29:31
1498,Bus_33,L28,1.5,1993-09-06 15:35:10
1499,Bus_3,L78,1.25,2024-03-13 09:14:48
1500,Tranvia_2,L17,1.75,2020-05-17 02:12:06
1501,Bus_47,L28,1.25,2006-07-11 03:29:08
1502,Tranvia_50,L63,1.25,2004-09-19 15:57:42
1503,Tranvia_11,L68,1.25,1985-09-16 08:24:14
1504,Tranvia_8,L20,1.25,1989-05-15 05:09:13
1505,Bus_61,L89,1.0,2022-12-18 03:38:27
1506,Bus_37,L63,1.0,1972-07-04 07:52:09
1507,Tranvia_14,L63,1.0,1998-02-11 07:49:17
1508,Bus_72,L49,1.75,1995-07-15 20:15:06
1509,Tranvia_91,L73,2.0,2000-10-09 20:07:28
1510,Bus_96,L87,2.0,2000-03-16 23:03:30
1511,Tranvia_24,L8,1.5,1973-02-27 19:57:48
1512,Bus_10,L21,1.75,1981-03-12 17:33:16
1513,Tranvia_76,L91,1.25,2018-09-17 00:28:06
1514,Tranvia_74,L22,2.0,2019-01-12 00:08:03
1515,Tranvia_32,L75,2.0,2003-12-19 01:07:14
1516,Bus_83,L43,1.75,2002-05-22 06:45:20
1517,Tranvia_20,L5,2.0,1996-03-01 21:58:49
1518,Bus_25,L74,1.25,2015-03-25 01:16:36
1519,Bus_26,L81,2.0,1978-04-01 09:26:26
1520,Tranvia_53,L88,1.5,1972-05-16 10:58:08
1521,Tranvia_77,L39,1.25,1977-09-02 21:49:19
1522,Tranvia_24,L49,1.0,2015-12-04 01:54:15
1523,Bus_26,L74,1.75,2006-10-05 03:40:05
1524,Tranvia_79,L22,1.5,1990-04-01 00:10:32
1525,Bus_53,L29,1.5,2018-05-11 17:35:34
1526,Bus_12,L37,1.5,1994-07-18 22:14:03
1527,Bus_98,L16,1.25,1999-06-29 16:52:59
1528,Tranvia_31,L34,2.0,1976-01-25 03:12:15
1529,Tranvia_64,L3,1.25,1988-12-22 22:35:52
1530,Tranvia_16,L9,2.0,2013-08-05 21:20:50
1531,Tranvia_61,L32,1.75,2004-03-31 17:25:47
1532,Bus_66,L35,1.25,2018-07-30 00:50:39
1533,Tranvia_98,L81,1.5,2000-05-15 19:52:47
1534,Tranvia_99,L29,1.25,1994-01-23 03:38:38
1535,Tranvia_5,L40,1.0,2016-10-07 11:51:02
1536,Tranvia_69,L41,1.5,1991-07-20 21:27:10
1537,Tranvia_2,L67,1.5,2015-01-19 17:52:00
1538,Bus_99,L5,1.5,1979-01-09 17:09:07
1539,Tranvia_53,L2,2.0,2015-10-22 21:33:25
1540,Tranvia_3,L81,1.25,1982-05-23 12:51:00
1541,Tranvia_36,L33,2.0,2010-12-20 02:08:16
1542,Bus_33,L11,1.25,2014-12-26 18:15:45
1543,Bus_86,L7,1.75,2019-04-29 21:13:38
1544,Bus_52,L69,2.0,1977-02-10 17:58:35
1545,Tranvia_62,L87,1.0,2004-08-14 04:02:35
1546,Bus_68,L23,1.0,2011-06-13 13:27:41
1547,Bus_94,L49,1.75,2018-07-02 22:37:14
1548,Bus_55,L99,2.0,2000-10-02 14:02:20
1549,Tranvia_8,L40,2.0,1992-05-11 08:55:59
1550,Tranvia_82,L18,1.5,2013-11-21 00:26:20
1551,Bus_83,L59,1.5,2011-10-09 16:21:42
1552,Bus_36,L27,1.75,2000-04-07 07:01:20
1553,Bus_94,L86,1.25,2007-09-07 11:08:46
1554,Tranvia_91,L65,1.75,1987-08-31 16:45:44
1555,Bus_86,L22,1.0,1992-08-12 04:41:37
1556,Bus_96,L1,1.75,2006-06-03 21:05:58
1557,Bus_48,L55,2.0,2023-07-26 12:08:46
1558,Bus_33,L90,1.25,1993-06-27 23:16:19
1559,Tranvia_35,L37,1.25,1996-04-01 22:48:55
1560,Tranvia_68,L16,1.5,1999-12-31 13:52:06
1561,Bus_98,L21,1.5,1997-09-14 19:35:18
1562,Tranvia_67,L90,1.75,1983-12-22 15:50:01
1563,Tranvia_54,L63,2.0,2015-01-02 01:43:27
1564,Bus_18,L50,1.5,1991-06-25 23:26:19
1565,Bus_32,L72,1.25,1997-01-14 20:51:02
1566,Bus_37,L55,1.5,1990-10-05 12:10:05
1567,Tranvia_13,L62,1.75,1979-10-31 09:24:20
1568,Bus_82,L76,1.5,1989-05-30 08:55:14
1569,Tranvia_81,L71,2.0,1982-05-24 08:51:30
1570,Bus_31,L45,1.0,2021-05-24 02:42:20
1571,Bus_93,L57,1.75,2019-03-15 12:29:29
1572,Bus_96,L14,2.0,1972-12-14 13:43:36
1573,Bus_62,L55,1.5,1999-01-04 19:49:32
1574,Tranvia_4,L86,1.0,1998-08-17 11:27:10
1575,Bus_53,L2,1.0,1970-12-24 22:26:27
1576,Tranvia_19,L81,1.25,2022-10-25 15:22:45
1577,Bus_41,L87,1.25,2006-02-26 09:34:38
1578,Bus_1,L36,1.0,1991-03-01 15:24:27
1579,Tranvia_52,L94,1.0,2010-05-12 14:02:32
1580,Bus_9,L5,1.5,1983-09-10 10:50:21
1581,Tranvia_79,L45,1.5,1970-06-02 23:08:25
1582,Bus_87,L40,1.0,1978-11-04 11:54:35
1583,Tranvia_10,L74,1.0,1975-04-10 23:26:32
1584,Tranvia_92,L7,1.5,2021-02-15 13:33:08
1585,Tranvia_28,L13,1.75,2019-10-03 16:37:50
1586,Bus_55,L64,2.0,2007-05-22 10:10:14
1587,Tranvia_8,L82,2.0,2014-11-12 18:15:02
1588,Bus_61,L19,1.5,2017-08-10 05:08:21
1589,Bus_75,L12,2.0,1970-03-13 02:53:07
1590,Bus_12,L17,1.0,1985-12-14 12:06:52
1591,Tranvia_92,L93,2.0,2006-05-12 19:42:46
1592,Bus_95,L14,1.75,1994-05-14 10:35:48
1593,Tranvia_56,L70,1.5,1981-06-15 01:36:31
1594,Tranvia_1,L83,1.0,1991-05-17 16:48:43
1595,Tranvia_10,L44,1.5,2001-01-03 11:05:47
1596,Tranvia_78,L70,1.75,1986-09-09 09:50:17
1597,Bus_58,L34,1.5,1986-01-09 20:05:16
1598,Tranvia_31,L76,1.75,2003-04-10 08:34:24
1599,Tranvia_26,L79,1.75,2015-11-06 02:54:23
1600,Bus_63,L26,1.0,2018-03-13 13:56:52
1601,Tranvia_53,L27,1.0,1981-02-11 12:51:32
1602,Bus_5,L87,1.0,1978-01-12 14:53:32
1603,Bus_30,L23,1.75,1985-08-28 01:34:36
1604,Tranvia_19,L30,1.0,1973-01-29 21:41:26
1605,Bus_4,L43,1.0,2021-06-18 07:22:50
1606,Tranvia_31,L78,1.5,2022-02-28 19:11:42
1607,Bus_78,L58,2.0,1997-05-12 12:07:31
1608,Tranvia_42,L98,1.75,2003-07-22 15:36:30
1609,Bus_53,L21,1.0,2020-06-25 11:08:30
1610,Tranvia_99,L19,1.5,2017-03-01 08:34:05
1611,Bus_95,L5,1.0,1996-04-29 20:44:55
1612,Tranvia_2,L73,2.0,1985-05-15 11:10:18
1613,Tranvia_18,L22,1.0,2009-11-22 03:57:57
1614,Bus_70,L70,1.75,2015-10-26 14:33:41
1615,Tranvia_39,L20,2.0,1999-12-23 22:01:31
1616,Tranvia_84,L55,1.0,2000-07-03 18:47:21
1617,Tranvia_8,L13,1.5,2004-02-08 13:44:29
1618,Bus_58,L18,1.25,1973-08-21 21:18:42
1619,Bus_61,L43,2.0,2014-03-31 03:27:14
1620,Bus_53,L13,1.75,1977-02-28 16:09:08
1621,Tranvia_90,L72,2.0,2009-01-19 21:46:12
1622,Tranvia_7,L43,1.25,2008-11-11 03:30:02
1623,Tranvia_29,L38,1.5,1996-06-02 18:31:16
1624,Tranvia_33,L44,1.0,2015-06-06 21:40:00
1625,Bus_32,L9,1.75,1994-07-06 09:36:26
1626,Tranvia_98,L18,1.75,1999-08-13 10:05:53
1627,Tranvia_56,L93,1.5,2002-12-11 17:25:11
1628,Tranvia_96,L74,2.0,1982-04-11 03:09:46
1629,Tranvia_76,L43,1.5,2004-06-17 22:40:04
1630,Tranvia_74,L23,1.25,2014-01-06 13:25:49
1631,Bus_73,L74,1.25,2009-11-09 05:04:01
1632,Bus_52,L61,1.25,1983-08-07 14:22:16
1633,Bus_76,L60,1.5,1996-04-19 13:24:02
1634,Tranvia_42,L64,1.75,2016-07-06 23:18:18
1635,Bus_21,L80,1.0,2023-04-21 04:07:26
1636,Tranvia_88,L4,1.75,2021-10-18 15:08:10
1637,Bus_94,L53,1.25,1991-09-03 13:07:56
1638,Tranvia_7,L29,1.75,2021-04-16 11:30:55
1639,Tranvia_61,L41,1.75,1993-09-29 20:44:47
1640,Bus_41,L87,2.0,1980-03-26 18:48:36
1641,Bus_42,L69,1.5,1988-06-20 20:15:53
1642,Bus_49,L3,1.25,1979-12-15 18:55:09
1643,Bus_60,L65,1.25,2003-09-21 00:11:53
1644,Bus_24,L89,1.75,2015-03-30 19:24:25
1645,Bus_68,L34,1.75,1987-10-01 08:18:30
1646,Tranvia_56,L99,1.0,1999-12-07 10:10:54
1647,Bus_99,L61,2.0,2020-06-02 16:23:53
1648,Tranvia_75,L15,1.0,2019-04-28 19:55:22
1649,Bus_2,L18,1.75,1987-12-23 03:49:37
1650,Tranvia_22,L60,1.75,2015-12-28 06:01:41
1651,Tranvia_73,L85,1.75,2020-08-08 13:32:55
1652,Bus_91,L92,1.75,2013-10-28 22:31:46
1653,Bus_33,L93,1.5,2005-09-16 13:45:31
1654,Bus_46,L95,1.0,1989-01-26 03:40:58
1655,Tranvia_11,L77,1.0,1994-04-18 06:38:51
1656,Tranvia_91,L5,1.75,2008-11-20 00:56:52
1657,Bus_42,L65,2.0,1988-04-25 06:16:45
1658,Tranvia_18,L64,1.75,2020-03-16 08:26:50
1659,Tranvia_2,L60,1.75,1974-06-13 10:24:53
1660,Bus_94,L22,1.5,1998-10-20 13:10:03
1661,Bus_37,L20,1.5,1988-11-23 09:42:50
1662,Tranvia_92,L38,1.75,1997-11-13 00:55:10
1663,Bus_14,L29,1.0,1980-07-14 21:23:46
1664,Tranvia_53,L50,1.0,1979-04-19 05:15:34
1665,Bus_87,L69,1.25,1977-08-27 01:26:12
1666,Tranvia_8,L53,1.75,2010-03-18 15:01:34
1667,Tranvia_57,L71,1.75,1977-07-31 02:01:45
1668,Bus_21,L65,2.0,2023-06-26 12:07:38
1669,Bus_78,L16,1.5,2015-03-14 08:24:44
1670,Bus_95,L93,2.0,1985-07-21 12:32:53
1671,Tranvia_62,L21,2.0,2019-08-18 03:52:36
1672,Tranvia_37,L93,1.5,1970-06-25 00:12:36
1673,Bus_46,L39,1.5,1995-10-12 15:33:07
1674,Tranvia_24,L71,1.0,1984-07-02 08:38:34
1675,Bus_52,L60,1.0,1971-06-06 10:26:56
1676,Tranvia_92,L66,2.0,1979-07-14 21:38:51
1677,Bus_35,L30,1.75,2021-11-23 11:49:38
1678,Bus_69,L69,2.0,1977-09-25 08:42:47
1679,Tranvia_25,L88,1.25,2010-02-10 12:11:53
1680,Bus_38,L54,1.5,2022-05-23 14:53:45
1681,Bus_22,L84,1.5,1977-05-02 06:25:47
1682,Bus_27,L75,1.0,2007-03-02 08:08:09
1683,Bus_30,L30,2.0,1992-11-10 01:56:30
1684,Bus_24,L59,1.0,1990-01-18 12:11:41
1685,Bus_77,L41,2.0,1979-10-26 05:21:47
1686,Bus_24,L64,2.0,1978-07-18 15:37:10
1687,Bus_23,L66,1.0,1991-07-28 17:55:58
1688,Tranvia_83,L47,1.25,1982-05-23 15:44:52
1689,Tranvia_64,L64,1.75,1974-12-16 17:45:56
1690,Bus_37,L56,1.25,2020-05-08 06:22:28
1691,Bus_65,L5,1.25,1999-02-28 13:37:24
1692,Bus_30,L22,2.0,1981-01-20 11:42:16
1693,Tranvia_13,L43,2.0,2006-11-14 05:19:00
1694,Bus_3,L24,1.5,2010-01-28 16:17:05
1695,Bus_79,L42,2.0,1975-09-08 21:19:09
1696,Bus_7,L99,1.5,2023-08-17 13:07:49
1697,Bus_72,L88,2.0,2017-01-02 03:05:23
1698,Bus_85,L95,1.5,1992-09-08 02:29:41
1699,Tranvia_96,L14,1.0,1998-08-04 07:11:09
1700,Bus_51,L61,1.75,2015-11-17 12:15:19
1701,Bus_58,L29,1.0,1992-09-14 09:16:40
1702,Tranvia_35,L59,1.25,2010-02-19 05:20:44
1703,Bus_18,L23,2.0,1980-02-13 06:05:38
1704,Bus_96,L26,2.0,2003-05-24 12:29:18
1705,Bus_36,L50,2.0,2008-01-05 18:12:59
1706,Bus_30,L45,1.25,1971-08-24 03:57:38
1707,Bus_54,L61,1.75,2001-08-05 03:25:08
1708,Bus_81,L81,1.5,1979-01-22 04:50:44
1709,Tranvia_62,L97,2.0,1995-08-24 15:30:25
1710,Bus_86,L87,2.0,2009-12-14 10:13:16
1711,Tranvia_33,L2,1.25,1994-08-20 13:46:17
1712,Tranvia_30,L79,1.75,2024-03-23 15:19:57
1713,Tranvia_47,L72,1.5,1994-09-25 07:56:49
1714,Bus_17,L73,1.25,2020-11-10 22:38:01
1715,Tranvia_87,L93,2.0,1985-10-27 11:31:16
1716,Tranvia_30,L79,1.75,2021-05-11 01:56:12
1717,Tranvia_4,L91,1.75,1981-05-10 13:31:46
1718,Bus_50,L59,1.0,2015-07-19 07:59:24
1719,Bus_33,L4,1.75,2014-11-03 22:43:19
1720,Tranvia_84,L60,1.0,1987-03-24 05:38:54
1721,Tranvia_67,L43,1.0,1973-12-03 14:55:33
1722,Bus_24,L78,1.0,1994-01-12 08:47:36
1723,Tranvia_47,L71,1.0,1975-05-13 21:43:18
1724,Tranvia_53,L65,1.5,2000-10-18 07:57:01
1725,Tranvia_55,L33,1.5,1971-02-05 21:02:53
1726,Tranvia_67,L20,1.25,2021-09-01 15:06:52
1727,Tranvia_63,L65,1.25,1985-05-10 11:08:48
1728,Tranvia_51,L41,1.75,2011-10-23 17:00:42
1729,Tranvia_9,L6,1.25,1985-11-23 03:52:56
1730,Tranvia_25,L73,1.0,1996-11-20 14:47:50
1731,Bus_56,L1,1.0,2005-01-08 00:42:43
1732,Tranvia_6,L57,1.5,2020-01-22 01:36:53
1733,Tranvia_53,L11,2.0,2008-08-13 20:53:04
1734,Bus_17,L70,1.0,1971-03-17 13:05:18
1735,Bus_56,L15,1.0,2023-10-07 14:16:10
1736,Bus_70,L69,1.25,2014-02-06 14:39:46
1737,Tranvia_59,L15,2.0,1982-04-12 00:05:42
1738,Tranvia_96,L45,1.25,1980-03-05 18:05:35
1739,Tranvia_81,L12,1.0,1978-04-18 07:01:23
1740,Tranvia_6,L26,1.25,1979-09-13 06:06:17
1741,Tranvia_83,L40,1.5,2021-06-29 18:55:44
1742,Bus_85,L27,1.5,2007-12-18 21:41:09
1743,Tranvia_11,L1,2.0,1991-04-05 17:16:41
1744,Bus_30,L93,1.75,2014-07-15 16:39:34
1745,Bus_2,L77,1.25,1995-12-23 21:28:11
1746,Tranvia_95,L83,1.5,1988-05-05 12:36:21
1747,Tranvia_32,L44,1.75,1982-07-11 23:04:09
1748,Bus_5,L6,1.0,1989-08-07 22:48:52
1749,Bus_71,L28,1.25,2006-08-12 09:27:54
1750,Tranvia_35,L15,1.5,1992-05-27 09:27:00
1751,Bus_93,L68,2.0,1998-10-17 07:20:55
1752,Tranvia_36,L27,1.25,2024-07-30 04:09:40
1753,Bus_10,L2,1.0,1989-06-08 15:31:26
1754,Tranvia_13,L85,2.0,2008-11-05 01:56:57
1755,Tranvia_50,L17,1.0,1975-06-02 05:29:22
1756,Tranvia_98,L54,1.25,2000-01-31 01:28:11
1757,Tranvia_73,L94,1.5,1993-12-06 05:15:04
1758,Tranvia_22,L11,1.5,2016-01-23 04:34:00
1759,Bus_64,L7,1.75,1995-10-28 09:50:08
1760,Tranvia_82,L57,2.0,2019-04-10 20:10:20
1761,Bus_79,L32,1.5,2022-01-04 13:31:40
1762,Bus_27,L61,2.0,2012-11-05 21:10:04
1763,Tranvia_45,L40,1.0,2000-04-27 18:01:43
1764,Bus_7,L33,1.5,1981-02-24 09:10:29
1765,Tranvia_69,L46,1.75,1984-12-21 00:54:02
1766,Bus_34,L36,1.5,2005-05-06 09:20:40
1767,Bus_49,L21,1.25,2023-12-17 12:49:23
1768,Bus_1,L91,1.5,1978-07-28 19:18:27
1769,Bus_67,L71,2.0,2012-04-26 21:59:37
1770,Bus_3,L87,1.0,2018-05-20 09:23:58
1771,Tranvia_58,L56,1.25,2007-03-02 11:00:10
1772,Tranvia_33,L24,1.0,1991-06-13 15:56:04
1773,Tranvia_90,L84,1.75,1997-08-15 18:30:28
1774,Tranvia_47,L46,1.5,1986-04-11 04:12:16
1775,Tranvia_46,L13,1.5,1979-04-11 18:40:58
1776,Bus_63,L30,1.0,1992-08-29 17:37:18
1777,Bus_74,L86,1.0,1982-03-02 09:52:30
1778,Tranvia_77,L61,1.5,1999-06-08 04:23:50
1779,Bus_97,L30,2.0,2021-07-16 13:01:17
1780,Bus_38,L79,2.0,2024-01-12 06:06:01
1781,Tranvia_20,L84,1.25,2002-11-25 20:44:20
1782,Tranvia_49,L12,1.75,2011-06-12 22:00:02
1783,Bus_4,L69,1.75,1991-02-19 23:42:40
1784,Tranvia_35,L46,1.75,2006-11-07 09:17:02
1785,Tranvia_68,L1,1.25,2000-12-14 23:10:03
1786,Tranvia_97,L90,1.75,1995-06-08 21:36:43
1787,Tranvia_56,L65,1.75,1974-06-30 00:23:55
1788,Tranvia_42,L67,1.25,2015-02-25 19:41:54
1789,Bus_80,L2,1.0,1989-09-01 13:15:20
1790,Bus_35,L94,1.75,2005-02-19 08:03:53
1791,Bus_33,L34,1.75,1973-12-25 04:55:11
1792,Tranvia_99,L48,1.0,2004-07-26 16:46:34
1793,Tranvia_35,L38,1.5,2024-12-14 19:01:00
1794,Tranvia_18,L14,1.25,1986-08-20 12:38:36
1795,Tranvia_18,L31,1.0,1989-04-26 16:05:34
1796,Tranvia_98,L78,1.25,1989-04-27 03:28:26
1797,Tranvia_68,L8,1.0,1988-07-01 14:12:08
1798,Tranvia_94,L13,2.0,1995-05-18 03:00:31
1799,Tranvia_13,L84,2.0,1993-01-17 22:40:57
1800,Bus_26,L79,1.5,2011-02-22 01:01:26
1801,Tranvia_46,L52,2.0,1997-07-09 22:06:14
1802,Bus_81,L80,1.25,1997-06-05 15:12:36
1803,Tranvia_82,L37,1.5,1998-02-26 18:21:09
1804,Bus_69,L69,1.5,2012-04-09 03:44:46
1805,Bus_59,L60,1.0,2011-03-02 08:50:34
1806,Bus_26,L16,1.0,1970-10-27 01:56:37
1807,Tranvia_71,L32,1.5,2011-02-03 19:21:49
1808,Bus_94,L12,1.75,1977-06-18 02:27:54
1809,Bus_79,L55,2.0,2016-09-22 01:45:07
1810,Bus_40,L88,1.5,1980-11-17 07:02:31
1811,Bus_5,L86,1.25,2009-05-24 21:48:48
1812,Tranvia_37,L57,1.0,1977-03-02 18:51:15
1813,Bus_60,L17,1.75,2016-05-24 14:05:23
1814,Tranvia_13,L63,1.75,1975-02-14 03:31:48
1815,Tranvia_52,L64,2.0,2002-07-27 20:35:16
1816,Tranvia_50,L19,1.25,2016-05-07 06:19:52
1817,Tranvia_55,L30,1.25,1984-09-10 13:23:45
1818,Bus_37,L21,1.25,1977-09-02 14:08:06
1819,Tranvia_39,L12,1.0,1982-09-30 22:47:29
1820,Tranvia_5,L77,2.0,1984-10-12 14:41:04
1821,Bus_19,L21,2.0,2022-02-17 03:49:41
1822,Tranvia_89,L40,1.75,2013-02-05 00:39:28
1823,Tranvia_54,L54,1.75,2000-08-24 18:34:26
1824,Bus_39,L62,1.75,2014-07-19 03:29:04
1825,Bus_98,L90,1.0,2015-04-11 18:09:33
1826,Bus_65,L98,1.75,2006-08-30 04:45:14
1827,Tranvia_83,L1,1.0,2007-04-23 22:27:17
1828,Tranvia_58,L97,1.5,2000-05-25 15:34:16
1829,Bus_54,L26,2.0,2024-03-29 17:48:35
1830,Tranvia_77,L53,1.25,1996-09-25 15:47:38
1831,Tranvia_91,L35,2.0,1974-01-04 08:39:52
1832,Tranvia_96,L97,1.25,1994-01-23 19:34:39
1833,Bus_57,L24,1.75,1975-09-02 20:37:25
1834,Bus_20,L27,1.75,1984-03-30 10:17:49
1835,Tranvia_28,L60,1.75,2014-07-21 01:14:30
1836,Tranvia_38,L68,1.25,2018-04-05 04:52:44
1837,Tranvia_21,L37,1.75,2006-06-18 01:10:49
1838,Bus_13,L73,2.0,2019-04-27 00:05:02
1839,Bus_91,L53,1.0,2014-08-03 18:26:01
1840,Tranvia_85,L72,1.75,1974-12-11 03:53:59
1841,Bus_86,L19,2.0,2000-02-29 14:20:18
1842,Tranvia_72,L29,2.0,2010-04-26 08:39:33
1843,Tranvia_76,L75,1.0,2012-08-28 08:00:54
1844,Tranvia_98,L5,1.5,1998-01-20 07:57:14
1845,Bus_81,L66,2.0,2002-02-19 11:45:34
1846,Tranvia_59,L20,1.0,1973-01-16 00:43:41
1847,Tranvia_33,L15,1.5,1989-04-26 16:36:02
1848,Bus_71,L22,2.0,2010-06-22 07:06:57
1849,Bus_71,L26,1.75,2006-04-08 15:16:05
1850,Tranvia_8,L52,2.0,1999-09-12 22:24:19
1851,Tranvia_77,L94,1.75,1980-02-17 18:01:25
1852,Bus_90,L9,1.25,2023-07-15 10:58:36
1853,Tranvia_28,L40,2.0,2005-08-02 05:14:33
1854,Tranvia_8,L86,1.75,1985-11-19 06:00:55
1855,Tranvia_45,L86,1.75,1982-08-28 07:14:13
1856,Bus_9,L7,1.5,2001-02-09 06:10:26
1857,Bus_63,L39,1.25,2014-05-31 15:11:13
1858,Bus_21,L55,2.0,2006-04-05 16:11:02
1859,Bus_46,L66,1.5,1970-10-01 07:03:48
1860,Tranvia_43,L83,1.0,2016-08-16 15:10:54
1861,Bus_11,L54,1.0,1986-02-23 04:37:16
1862,Bus_70,L100,1.0,1988-11-09 10:26:36
1863,Tranvia_49,L20,2.0,2012-03-21 15:40:46
1864,Bus_73,L24,1.25,1980-03-25 20:43:13
1865,Bus_89,L7,1.5,1980-06-19 22:12:17
1866,Bus_5,L50,1.5,1983-09-08 11:05:28
1867,Tranvia_79,L3,1.5,1985-06-25 16:05:26
1868,Bus_13,L15,2.0,1988-07-03 23:35:33
1869,Tranvia_88,L58,2.0,1971-04-09 17:30:41
1870,Bus_54,L56,1.5,2023-08-18 05:38:41
1871,Tranvia_73,L62,1.5,1979-04-04 05:39:10
1872,Bus_46,L2,1.75,1991-03-18 07:00:14
1873,Tranvia_3,L7,1.0,2019-04-19 20:42:04
1874,Bus_84,L88,1.5,2015-10-20 21:46:58
1875,Tranvia_20,L5,1.0,2003-12-15 12:29:16
1876,Bus_100,L19,1.5,1993-02-12 09:07:48
1877,Bus_58,L93,1.0,1987-07-08 15:08:01
1878,Bus_29,L5,2.0,1993-10-03 02:28:22
1879,Tranvia_22,L15,1.75,2011-05-20 22:54:32
1880,Tranvia_87,L22,1.75,2005-07-31 07:53:04
1881,Tranvia_22,L22,1.75,1984-01-22 17:41:15
1882,Tranvia_38,L13,1.0,2015-08-08 04:37:11
1883,Bus_96,L37,1.5,2024-04-13 14:49:15
1884,Tranvia_36,L42,1.5,2003-06-12 23:14:41
1885,Tranvia_5,L78,1.0,1991-07-24 13:11:24
1886,Bus_57,L92,1.0,1990-08-31 17:16:17
1887,Tranvia_74,L82,1.75,1970-09-02 14:25:16
1888,Tranvia_38,L18,1.5,2024-03-26 06:50:05
1889,Tranvia_14,L40,2.0,2008-07-19 09:48:14
1890,Tranvia_86,L41,2.0,2000-10-19 17:30:46
1891,Tranvia_2,L2,1.0,1973-12-21 17:40:36
1892,Tranvia_41,L14,2.0,2016-12-05 19:56:06
1893,Tranvia_58,L82,1.75,2018-08-16 08:34:33
1894,Bus_36,L87,2.0,2020-04-01 23:08:20
1895,Bus_26,L22,1.75,2020-12-31 13:58:14
1896,Tranvia_28,L11,1.75,2008-03-19 19:58:13
1897,Tranvia_97,L97,1.5,2000-06-29 14:26:16
1898,Tranvia_39,L40,1.0,1975-05-19 09:29:21
1899,Bus_73,L1,1.25,2019-08-03 14:32:36
1900,Bus_35,L50,1.25,1981-07-14 01:49:54
1901,Tranvia_93,L63,1.0,1991-07-28 21:14:21
1902,Bus_96,L95,1.75,1987-01-05 02:48:05
1903,Tranvia_18,L54,1.5,1977-01-07 07:43:21
1904,Bus_97,L99,2.0,2024-12-10 14:37:11
1905,Bus_20,L16,1.75,2001-11-06 00:04:31
1906,Bus_27,L46,1.75,1984-04-07 18:42:28
1907,Bus_90,L53,2.0,2018-04-15 19:57:53
1908,Tranvia_62,L17,1.0,2002-03-13 00:04:57
1909,Bus_18,L95,1.75,1973-11-07 00:14:40
1910,Tranvia_96,L86,1.75,1984-09-07 13:05:31
1911,Tranvia_89,L40,1.0,2012-08-07 10:21:17
1912,Tranvia_57,L6,1.75,2020-01-30 10:02:39
1913,Bus_66,L11,1.5,2009-12-30 08:35:28
1914,Tranvia_97,L16,1.75,1988-03-14 20:14:21
1915,Tranvia_88,L98,1.5,1981-12-10 05:13:02
1916,Tranvia_70,L74,1.0,1976-02-26 06:02:25
1917,Tranvia_79,L45,1.5,1987-01-01 22:04:32
1918,Bus_59,L32,1.0,1992-01-31 22:49:34
1919,Tranvia_34,L58,2.0,2001-11-25 14:06:06
1920,Tranvia_36,L79,1.75,2009-04-25 22:18:03
1921,Tranvia_13,L77,1.75,2006-09-06 08:53:36
1922,Bus_85,L51,1.25,2004-01-27 05:27:56
1923,Tranvia_17,L7,1.0,2012-07-30 19:43:29
1924,Bus_6,L1,1.25,1981-07-23 20:40:41
1925,Bus_73,L56,1.75,2022-11-16 00:00:27
1926,Bus_83,L5,1.25,2016-03-25 08:05:53
1927,Bus_31,L55,2.0,1970-05-23 05:00:47
1928,Tranvia_69,L12,1.75,2025-01-28 00:24:38
1929,Tranvia_70,L80,1.0,1977-03-07 13:56:48
1930,Tranvia_52,L53,1.75,1989-08-05 02:48:48
1931,Bus_45,L20,1.75,1975-12-28 14:22:48
1932,Bus_27,L11,1.75,2010-12-18 21:29:16
1933,Bus_24,L30,2.0,1996-04-06 17:28:20
1934,Tranvia_11,L65,1.25,1985-10-02 08:07:04
1935,Bus_49,L64,1.5,1987-04-30 19:19:49
1936,Bus_80,L77,1.0,1984-06-29 14:08:09
1937,Bus_66,L20,1.5,2016-11-16 19:56:04
1938,Tranvia_81,L75,1.75,2011-04-17 05:06:02
1939,Tranvia_76,L27,1.75,2002-12-29 04:48:23
1940,Bus_29,L11,1.5,2005-09-26 05:51:02
1941,Tranvia_35,L4,1.25,1985-11-22 13:35:40
1942,Bus_94,L98,1.25,2013-11-23 09:13:29
1943,Tranvia_56,L95,1.0,1993-09-02 13:39:32
1944,Bus_3,L39,2.0,2016-07-10 01:08:20
1945,Tranvia_14,L36,1.5,1997-02-27 11:52:54
1946,Tranvia_84,L32,1.75,1989-08-15 09:01:29
1947,Tranvia_5,L56,1.25,1973-11-17 07:00:55
1948,Tranvia_21,L94,2.0,2006-01-05 10:55:58
1949,Bus_31,L33,1.75,2020-10-07 14:55:21
1950,Tranvia_9,L24,2.0,1973-07-21 03:27:57
1951,Bus_73,L33,1.0,1995-06-12 14:07:34
1952,Bus_84,L25,1.75,1995-10-26 22:54:10
1953,Tranvia_12,L98,1.5,2000-04-17 11:17:17
1954,Tranvia_4,L6,1.75,1990-12-24 05:57:46
1955,Bus_97,L43,1.25,1972-10-10 06:28:54
1956,Tranvia_2,L78,1.75,1970-08-03 21:20:38
1957,Bus_61,L95,1.25,1980-11-14 10:19:55
1958,Tranvia_34,L99,1.5,2006-07-27 06:58:22
1959,Bus_72,L38,1.75,2015-09-21 19:48:26
1960,Bus_90,L1,2.0,1988-10-02 05:15:22
1961,Tranvia_35,L68,1.25,2018-04-23 10:40:23
1962,Bus_62,L2,1.75,1972-08-10 17:17:14
1963,Bus_84,L27,1.25,1971-05-18 06:44:27
1964,Tranvia_39,L18,1.75,2019-06-24 07:22:41
1965,Bus_36,L79,2.0,1994-02-24 02:59:05
1966,Bus_59,L5,1.0,2019-08-01 15:07:13
1967,Tranvia_86,L11,1.5,1990-07-26 19:51:23
1968,Tranvia_100,L58,1.5,2012-12-26 05:08:10
1969,Bus_81,L67,1.25,1993-07-28 07:42:03
1970,Tranvia_53,L68,1.0,1975-10-12 16:38:56
1971,Bus_6,L53,2.0,2013-12-05 00:40:25
1972,Tranvia_97,L24,1.75,1999-03-30 02:29:33
1973,Bus_53,L46,1.75,1981-12-26 06:27:15
1974,Tranvia_63,L47,1.25,1994-06-19 18:48:42
1975,Bus_22,L80,1.25,1978-06-12 04:01:16
1976,Bus_80,L30,2.0,2009-03-01 08:54:45
1977,Tranvia_3,L65,1.0,2022-05-02 20:14:49
1978,Bus_42,L59,2.0,1974-11-29 19:56:54
1979,Tranvia_71,L72,1.75,1992-09-28 05:32:27
1980,Bus_67,L22,2.0,2022-08-25 10:58:44
1981,Tranvia_76,L100,2.0,2022-12-08 17:52:08
1982,Bus_49,L33,1.0,2010-06-02 05:29:20
1983,Tranvia_27,L6,1.0,2006-07-05 08:03:10
1984,Tranvia_86,L47,1.5,2024-03-08 04:11:43
1985,Bus_67,L79,1.0,1985-01-15 22:35:45
1986,Bus_32,L36,1.5,2021-06-20 21:38:49
1987,Tranvia_83,L93,1.75,2014-06-08 11:51:47
1988,Tranvia_83,L93,1.75,1988-08-26 23:30:14
1989,Tranvia_58,L19,1.0,1980-09-14 03:23:25
1990,Bus_84,L87,1.0,1997-02-16 07:48:06
1991,Tranvia_19,L47,1.25,1986-09-16 17:17:09
1992,Bus_14,L24,1.5,2016-03-13 14:06:55
1993,Bus_13,L13,1.75,2024-09-17 22:29:11
1994,Tranvia_90,L18,2.0,1993-03-12 18:33:37
1995,Bus_35,L57,1.0,1991-12-12 20:05:16
1996,Tranvia_29,L50,2.0,1973-02-25 10:57:15
1997,Tranvia_10,L1,1.25,2011-01-19 00:25:14
1998,Tranvia_30,L38,1.5,2016-06-21 03:16:30
1999,Bus_68,L42,2.0,1997-08-07 17:43:44
2000,Tranvia_78,L38,1.25,2011-02-16 07:56:26
