date,store_id,product_id,quantity_sold,revenue
2011-08-12,,P77,42494,1198.86
2013-06-11,516.0,P77,98378,218.97
1971-12-22,803.0,P37,61059,1196.37
2025-03-13,206.0,P61,112007,2974.85
1977-05-08,108.0,P42,69934,1466.94
1985-08-25,791.0,P66,88867,2315.99
1995-09-27,368.0,P64,72433,2513.75
1999-08-27,488.0,P52,51601,538.49
,2.0,P50,83554,2244.93
1997-09-28,789.0,P24,44231,1283.35
1989-09-20,990.0,P56,error,2639.31
1985-07-10,596.0,,91294,error
,584.0,P37,27833,2174.86
1972-04-01,63.0,P44,119416,error
2001-05-22,678.0,P31,57394,1470.88
2014-04-10,56.0,,53636,1406.26
2022-02-19,550.0,P36,63417,2057.31
2009-08-15,,P26,46133,2520.06
1975-05-10,317.0,,23977,1608.55
2022-05-17,,P20,error,error
2015-04-03,756.0,,39809,1419.06
1980-09-30,33.0,P55,99303,2631.88
2020-01-27,854.0,P74,93462,187.74
1973-05-27,602.0,P34,40068,780.24
2016-05-09,398.0,P67,107734,error
2004-09-09,388.0,P19,98817,1122.86
1977-01-10,139.0,P74,87904,2454.44
2013-07-17,61.0,P70,53097,340.9
2021-06-20,,P50,50524,1432.55
1977-08-21,117.0,P42,24146,1729.75
,809.0,,105940,2924.16
2009-03-01,137.0,P65,51881,2240.49
2004-02-28,642.0,P21,92391,error
1988-10-28,448.0,P58,60001,2570.84
,262.0,P54,88160,error
1992-07-20,479.0,P57,error,error
2015-09-01,303.0,P58,87269,2935.79
1988-02-27,181.0,P51,error,1869.75
1989-12-31,636.0,P37,54161,552.34
1987-07-12,940.0,,50191,884.45
1995-03-25,839.0,,76218,1148.54
1975-08-21,508.0,P39,error,1797.62
1984-02-19,455.0,P46,83818,error
,621.0,P59,64072,error
2001-06-01,421.0,P58,75027,464.82
1997-01-13,359.0,P76,67330,1283.45
,,P62,74105,2425.93
2013-01-09,962.0,P38,62327,error
1982-10-02,876.0,P47,91311,1870.03
2006-10-26,632.0,P42,25682,369.2
1985-08-12,,P21,35014,1835.27
1986-12-08,465.0,P61,70101,480.55
2020-08-05,396.0,P72,102922,1109.68
,605.0,P20,error,800.38
1987-08-28,119.0,P24,41002,2032.21
2018-08-09,84.0,P23,40859,1688.39
1974-11-25,687.0,P49,92497,1187.85
2022-10-25,784.0,P55,35794,1535.16
1984-05-09,767.0,P43,57743,2784.07
1996-06-26,34.0,P45,75392,2850.89
2009-02-24,296.0,P79,114239,error
,468.0,P60,54547,error
1996-01-21,444.0,P58,54251,1799.92
1991-04-19,526.0,P77,40132,2050.23
1995-05-17,,P36,76353,1682.42
1984-09-10,,P46,103403,2445.89
2006-07-02,494.0,,77250,536.44
1973-01-01,906.0,P74,51231,962.53
2003-09-13,,P40,34531,829.09
2011-01-11,4.0,P79,48562,error
1992-04-02,166.0,P74,25966,747.51
,11.0,P24,22015,1195.42
,605.0,P68,61999,1845.39
2023-09-23,956.0,P32,76182,2472.9
1988-07-14,75.0,P59,96258,532.95
2008-11-24,808.0,P54,100217,1853.61
2003-07-09,,P52,65266,2712.49
2003-09-19,474.0,P52,21511,870.68
2003-03-10,565.0,P50,117807,1894.74
1973-05-19,827.0,P51,48162,1731.06
,260.0,P52,57974,709.71
,114.0,P28,90438,2702.07
1977-06-05,354.0,,85004,1563.66
2019-10-03,,P70,29195,1390.19
2008-11-29,776.0,P55,98515,391.74
1996-10-20,1.0,P42,102863,2735.27
1998-01-31,603.0,P78,error,1145.86
2018-06-07,265.0,P35,error,777.31
1974-05-30,697.0,P21,error,error
1990-09-28,,P34,116674,2918.89
2003-02-07,511.0,P60,70720,error
1997-08-04,186.0,P53,116491,416.09
,827.0,P73,error,1494.57
1981-09-15,,P66,59941,2084.52
2006-12-08,777.0,P28,94697,1655.81
2024-06-02,496.0,P18,100012,2134.79
1993-05-20,967.0,P68,74138,773.27
1973-04-10,217.0,P43,error,1938.39
2023-02-24,945.0,P39,49362,1190.89
1988-06-14,,P37,60881,821.13
2022-03-16,573.0,,58211,213.31
2004-05-05,738.0,P30,64647,1378.31
1995-12-19,729.0,P71,66133,405.65
1993-03-16,,P23,31466,2884.62
1979-06-16,448.0,P30,88002,2452.39
1993-08-16,160.0,P71,error,1731.17
1993-08-20,637.0,P37,65839,177.47
2011-06-20,849.0,P47,error,191.88
1994-07-05,492.0,P65,84160,2891.66
2010-12-28,569.0,P33,41891,2915.24
1976-01-03,406.0,,84303,727.42
1990-03-13,530.0,P77,77381,1138.07
2009-04-09,,P23,70867,912.92
1993-03-28,80.0,P38,45119,228.42
1975-07-13,834.0,P28,40756,2508.17
1971-04-19,598.0,P45,34231,1950.64
1978-03-13,52.0,P30,43865,1323.18
1985-11-20,615.0,P73,76100,499.43
2022-07-03,71.0,P22,40548,549.84
2023-01-05,334.0,P75,100616,1144.19
,433.0,P64,51300,2072.11
2000-01-22,38.0,P44,54201,669.39
2021-01-12,,P69,56427,1396.56
2002-06-20,250.0,P20,53825,636.11
1997-09-14,578.0,P67,106252,259.81
1977-05-07,190.0,P44,114402,409.98
2021-03-15,943.0,P48,109251,785.53
2016-10-18,294.0,P43,51990,error
2024-02-03,622.0,,51722,2309.4
2001-07-14,940.0,,70336,2618.03
1983-06-02,283.0,P51,47007,2572.8
2021-01-18,315.0,P71,error,358.51
1976-04-26,312.0,,53003,2880.09
2023-03-05,149.0,P31,29890,2313.47
1998-09-04,565.0,P22,36285,2669.97
2015-08-24,,P62,24907,2930.23
2005-10-03,555.0,P43,35808,1709.5
2016-04-19,195.0,P78,26762,384.21
1999-07-21,65.0,P73,51866,2409.2
2023-12-08,83.0,,34952,1816.47
2000-02-05,,P23,103186,1441.13
2019-12-16,246.0,P75,39626,2098.78
2025-02-09,278.0,P46,107499,1187.19
1980-04-09,283.0,P63,56038,342.81
1984-12-29,662.0,P62,error,1835.57
1988-05-31,111.0,P66,45651,2527.74
1972-09-27,907.0,P26,80217,1997.03
1972-11-27,393.0,P35,86666,2833.26
1978-01-11,351.0,P63,23515,2588.43
2015-12-23,572.0,P62,44003,197.35
1986-10-30,127.0,P70,88639,1895.16
1986-05-10,116.0,P22,102376,1706.32
1973-09-11,78.0,P76,71773,2080.1
2013-04-06,5.0,P22,32777,781.0
1973-05-12,234.0,P67,110121,1380.12
1970-03-25,246.0,P78,29262,2751.76
2015-05-30,110.0,P40,error,504.11
1997-08-09,202.0,P27,83981,2697.75
1987-08-08,256.0,,101649,2100.74
,622.0,P18,114202,463.48
2000-09-10,619.0,P58,33847,error
,,,78729,301.28
2022-06-10,838.0,P67,36123,782.08
2020-03-10,20.0,P30,94994,1570.62
1997-03-25,924.0,P76,54189,2763.88
2022-01-13,393.0,P58,97793,2124.8
2007-10-14,60.0,P32,102239,2638.03
2013-04-28,472.0,,39713,error
1976-02-24,813.0,P40,52651,362.42
2024-09-05,689.0,P71,error,1520.19
2007-11-19,523.0,P44,114705,216.99
1992-02-02,777.0,P26,118071,1519.54
,301.0,P62,72629,391.15
2000-02-26,387.0,P34,error,2396.48
2024-11-25,625.0,P53,67733,2310.52
1980-09-21,422.0,P66,52730,1045.83
1979-08-15,337.0,P40,29264,1361.15
1990-12-12,808.0,P40,51417,1402.45
1992-11-23,412.0,P55,70856,274.25
1984-09-03,794.0,P75,42698,919.78
2005-12-07,706.0,P23,40580,2460.05
2011-11-23,196.0,P21,65342,2107.98
1971-09-12,731.0,P30,57443,1968.91
1973-04-05,817.0,P65,73758,1951.87
1982-09-16,481.0,P39,95043,2925.57
2004-09-03,279.0,P63,113067,162.72
1979-01-27,,P74,117525,1838.39
2009-08-31,703.0,P22,69595,1261.87
1999-04-06,816.0,P24,error,321.93
2008-07-23,26.0,P32,106806,1950.3
1990-09-12,360.0,P68,88579,1968.6
1974-11-15,130.0,P78,77956,1313.71
2009-08-16,900.0,P26,74045,1085.06
1982-04-22,394.0,P79,61704,1000.99
2005-06-25,,P26,69799,1892.88
2001-12-03,434.0,P49,111761,621.26
2020-03-28,407.0,P44,79750,2043.76
2015-06-13,73.0,P21,78681,error
1999-08-17,,P72,39538,2574.92
2008-06-26,,P27,71560,1886.22
2002-02-25,229.0,P46,40118,2740.59
1989-05-03,488.0,P23,52056,1070.88
1977-06-04,,P30,74888,2402.28
2008-11-04,817.0,P75,75712,326.99
2020-01-01,589.0,P59,59395,1742.77
,460.0,P21,114935,1824.36
2005-08-20,626.0,P78,47921,765.54
1997-01-17,915.0,P27,32256,254.3
2010-10-26,346.0,P56,25037,1389.57
1970-12-17,661.0,P42,49153,2583.12
1996-09-07,641.0,P68,30294,1635.99
,550.0,P39,65904,808.92
2017-02-06,460.0,,21782,2103.97
,148.0,P76,error,1315.56
1999-07-04,206.0,P64,42304,1294.22
2002-05-09,19.0,,60857,1308.78
1983-06-12,699.0,,74323,2387.4
1972-09-17,252.0,P67,108487,2168.92
1970-05-05,820.0,P56,75344,264.02
2017-06-08,271.0,P68,error,2060.04
1973-05-11,839.0,P35,41851,1778.87
2002-09-26,609.0,P38,55532,902.81
2003-10-18,905.0,P78,error,1737.23
1989-06-27,716.0,P62,93311,2620.66
1989-09-15,576.0,P38,101537,2251.12
1986-12-22,224.0,P73,66722,2923.43
2004-05-06,183.0,,119338,2434.47
1983-02-20,791.0,P41,65852,396.55
1998-04-11,866.0,P18,64247,1930.47
2021-04-14,642.0,P80,116037,344.8
1978-02-02,358.0,,51943,226.11
2004-09-30,780.0,P45,76781,977.74
1970-09-14,326.0,P43,error,960.39
1972-12-27,229.0,P51,47803,1296.36
2011-11-11,364.0,P62,error,238.8
2025-02-01,,P52,117274,1286.45
2007-06-22,727.0,P33,58700,2516.2
2019-03-12,103.0,P73,60076,2887.81
2001-05-29,,P22,37115,2298.26
1970-05-28,,P76,39907,2105.37
2023-05-08,553.0,P67,110355,2092.08
2016-07-30,188.0,P68,69533,2995.1
1982-09-29,891.0,P53,33213,1708.82
2007-05-18,332.0,P18,36622,2867.13
2001-01-29,452.0,P80,91428,644.44
1975-11-04,914.0,,117299,2735.07
2009-10-15,44.0,,33645,1582.13
1999-07-24,18.0,P43,95158,547.64
2007-07-22,653.0,P32,71115,2413.35
2001-11-12,806.0,P76,114962,1801.23
1989-06-07,,,84138,1909.99
2019-09-07,870.0,P58,error,235.89
2011-09-09,627.0,P72,72655,2085.94
2004-08-11,146.0,P47,24324,error
1975-04-24,702.0,,112220,2823.85
1978-12-05,150.0,P69,93791,141.94
2016-06-10,486.0,P36,51336,731.5
2013-02-24,,P73,73131,1418.51
2024-12-04,699.0,P42,52533,1499.7
1981-04-20,609.0,P48,101269,2674.51
2019-07-15,295.0,P18,error,193.67
1971-07-15,610.0,P53,29653,error
,647.0,P68,61049,389.91
2017-10-29,166.0,P53,29383,864.08
1996-10-19,516.0,P25,92270,1502.42
2002-07-18,410.0,P55,error,1632.42
2010-09-11,676.0,P77,109433,error
1972-06-13,306.0,P33,39851,1960.25
2009-07-18,694.0,P50,32304,401.58
2000-10-03,308.0,P69,28972,1518.18
2014-06-06,870.0,P37,40653,1028.72
1997-10-25,365.0,P74,38696,2555.48
2019-06-22,949.0,P67,57573,2828.65
2019-10-02,302.0,P34,66755,2018.13
2018-06-22,201.0,P68,99889,1816.43
1988-03-07,,P26,21712,2936.71
1976-06-19,595.0,P47,91118,2626.0
2014-07-02,235.0,P58,24265,900.13
2007-08-04,652.0,P61,83964,error
2012-10-10,909.0,P21,111812,2862.41
1983-02-28,77.0,P23,104791,1298.52
1988-08-30,88.0,,47315,error
2009-10-03,749.0,P45,error,2103.12
2004-01-10,817.0,P40,56475,2096.59
1977-12-20,101.0,P23,92523,651.47
1973-06-05,92.0,P44,79260,2249.39
2007-02-26,567.0,P42,33512,1045.22
2024-01-24,212.0,P67,40688,1418.4
1973-02-06,162.0,P22,79162,2863.58
2021-04-25,118.0,P39,error,818.09
2017-04-15,787.0,P29,94898,1473.49
1999-01-31,324.0,P40,error,error
1999-06-28,361.0,P69,82339,2004.7
2011-02-03,,P63,25457,726.92
1999-04-17,235.0,,70764,2220.79
1977-12-24,19.0,P52,66862,2635.14
1988-06-07,559.0,P34,33449,2632.25
2014-05-11,797.0,P57,39464,280.52
2000-05-20,614.0,P63,27069,1745.7
1983-05-28,453.0,P59,101310,216.19
1986-11-25,,P58,error,1731.73
1986-11-29,453.0,P31,83620,1324.41
2020-08-12,,,26196,1888.72
1982-05-10,906.0,P76,38083,2553.18
1988-07-13,449.0,P27,40694,error
1981-02-09,563.0,,114419,2420.68
2013-08-22,44.0,P59,44091,error
1974-03-30,836.0,P51,error,1994.15
1989-08-09,714.0,P68,57040,529.91
1986-05-30,764.0,P22,51305,error
1984-03-20,6.0,P71,79962,1719.92
1973-09-30,122.0,P20,94424,error
2011-11-11,91.0,P38,error,1124.44
2011-08-15,268.0,P78,44618,334.43
1983-06-11,561.0,,118040,130.95
2004-07-18,577.0,P66,101729,557.0
1974-05-24,822.0,P20,40354,1485.03
,123.0,P74,70888,981.69
1994-01-03,533.0,P47,79536,1503.84
1986-05-06,444.0,P50,64664,error
1991-08-17,703.0,P50,35166,172.86
1973-09-26,,P57,79328,269.46
,408.0,P25,68318,2945.98
1980-08-10,103.0,P31,115830,1997.32
2002-01-12,429.0,P50,31518,1678.85
1983-02-01,,P65,76887,832.1
1986-12-11,431.0,P58,75787,838.67
2016-01-16,110.0,P32,69216,970.06
1984-12-02,,P18,41904,error
,,P38,91711,1732.41
2017-07-02,119.0,P62,88422,2121.14
1980-05-18,779.0,P29,79854,error
2002-08-06,240.0,P33,41074,1082.77
1991-10-26,579.0,,31499,1992.82
2015-05-16,807.0,P66,106800,2257.13
2024-05-09,,P36,22631,error
2001-03-18,770.0,,78922,1210.9
2006-11-02,193.0,P18,error,error
2004-04-27,933.0,P74,63707,2780.16
1976-05-30,4.0,P57,63465,2585.81
1999-09-02,97.0,P70,error,2211.87
1976-09-13,540.0,,56017,1801.25
1970-11-22,184.0,P29,55566,1690.92
1992-02-03,152.0,P24,93230,2155.27
2018-09-14,748.0,P39,116825,2449.85
2024-08-27,186.0,P47,115925,2580.25
2012-12-10,270.0,P37,error,870.81
,378.0,P50,56112,613.5
2010-07-07,333.0,P32,99495,2275.15
2010-03-10,804.0,P74,53630,307.6
1999-10-25,942.0,P25,27284,2095.14
1990-01-23,891.0,P44,65183,571.44
1978-04-01,277.0,P79,53116,1294.34
1992-03-17,346.0,P57,24887,2375.04
1974-12-07,72.0,P53,101920,1196.8
2019-03-11,8.0,P28,100536,1333.29
1998-09-03,8.0,P63,66485,543.56
,603.0,P19,58226,error
1997-09-12,574.0,P80,106793,1993.13
1973-02-25,716.0,P21,70973,1375.82
1979-07-24,532.0,P42,error,error
1994-07-16,913.0,P38,error,572.77
2013-07-07,732.0,,116881,1882.17
2022-11-03,724.0,P34,error,1441.97
2001-04-16,445.0,P21,50165,922.66
1982-09-27,991.0,,103960,2222.92
2021-10-18,44.0,P71,45572,293.65
2006-07-02,18.0,P37,40777,2306.96
1972-07-18,985.0,P68,31494,727.14
2018-11-08,811.0,,103909,2892.66
2014-05-21,764.0,P18,81982,2346.66
2020-01-12,333.0,P62,43502,2964.4
2000-12-22,999.0,,46831,1887.36
1999-06-19,414.0,P70,119349,2666.22
1999-01-31,649.0,P78,64762,1978.1
1970-11-19,314.0,P36,31759,error
1989-08-04,521.0,P30,37365,1069.55
1971-01-14,720.0,P47,69643,832.77
1999-10-19,266.0,P62,error,2688.22
2006-10-01,863.0,,30158,1459.28
1981-10-07,289.0,P50,54289,error
1975-09-12,351.0,P58,106617,1344.32
1983-07-29,516.0,P58,69794,671.66
1987-07-11,60.0,P79,41841,2177.61
2019-07-19,703.0,P63,23737,2588.88
2018-08-19,124.0,P76,35647,error
1992-02-13,,P78,91589,467.73
2019-01-19,138.0,P53,error,error
1979-12-11,439.0,P26,51080,error
2011-02-01,701.0,,103245,2620.57
1970-11-18,537.0,P78,53128,497.04
2025-01-12,428.0,P75,75372,511.92
1999-09-02,613.0,,92871,1760.85
1982-11-21,253.0,P46,109600,2783.61
1973-03-08,,P53,109391,222.1
1989-08-30,687.0,P45,70845,340.38
1986-01-24,73.0,P62,60664,1134.04
1988-10-02,988.0,P44,55738,error
2011-09-03,437.0,P77,37951,1563.08
1985-02-13,675.0,P74,87550,2715.97
1984-10-06,805.0,P61,97179,2719.88
,325.0,P56,95281,2232.95
1987-12-30,280.0,P75,77714,638.39
1997-06-25,549.0,P38,68390,563.26
1985-10-05,674.0,P38,104635,2985.31
2016-12-15,389.0,P79,79858,492.14
1975-05-12,,P48,71545,2392.41
1984-03-28,813.0,P71,30403,776.54
1977-10-30,646.0,P31,38107,305.59
2022-06-24,,P75,38382,466.22
2023-11-03,40.0,P56,62383,438.07
1990-02-20,706.0,P24,113739,error
1995-12-18,702.0,P71,77446,2288.51
2007-04-14,374.0,P27,33110,2523.29
,26.0,P57,62248,1234.67
2016-01-12,99.0,P58,90177,673.67
1973-11-29,282.0,P50,93495,293.16
1993-12-12,739.0,P73,error,1865.62
1985-04-25,635.0,P73,46800,573.82
1984-10-27,136.0,P79,38318,1466.08
2016-06-03,442.0,P76,30236,1093.55
2006-12-30,295.0,P63,45120,2608.06
1992-10-14,967.0,,104529,232.83
,,P35,error,1602.45
2006-02-19,998.0,P80,67572,error
1992-03-17,64.0,P40,108762,1204.51
2010-02-28,194.0,P71,48330,274.09
1988-04-16,597.0,P25,58509,1298.43
,67.0,P46,103485,1524.95
2009-05-26,872.0,P38,38062,745.24
2009-05-15,279.0,P34,97082,2391.55
2009-01-19,553.0,P45,error,1090.71
2007-03-04,617.0,P65,61580,error
2009-09-12,719.0,P20,25722,1853.95
1971-06-15,160.0,P53,116049,2338.35
1995-04-03,612.0,P43,27606,1223.1
,606.0,P73,103275,2151.41
,385.0,P69,error,2697.19
1981-09-07,767.0,P49,42850,error
,591.0,P73,94201,502.98
1978-12-23,841.0,P66,error,773.72
1987-12-23,541.0,P52,92046,1953.18
1986-02-27,,P29,116387,2271.24
2018-10-11,879.0,P22,113451,2910.32
,,P43,80711,2416.9
1995-03-28,,P49,111223,1901.19
,779.0,,22183,1404.57
2013-06-18,436.0,P37,106180,error
2021-10-09,388.0,P24,99708,204.5
2013-05-26,876.0,,32741,1583.27
1995-04-19,252.0,P70,error,2171.94
1999-04-23,741.0,P24,28210,2874.85
1979-07-23,24.0,P80,35280,1977.94
2002-04-27,632.0,P76,114596,2909.17
1994-05-26,589.0,,87966,1933.01
2016-05-09,268.0,P21,97478,1390.12
1974-02-15,877.0,P29,27221,1354.62
1984-10-25,116.0,P77,41256,1659.49
2021-08-26,572.0,P51,23903,469.92
2019-07-16,395.0,P79,109414,error
2008-02-05,404.0,P69,83753,1053.29
2010-02-23,,P51,80070,1494.65
1981-09-21,735.0,P68,error,2417.18
2006-07-22,423.0,P48,64661,1156.47
1979-11-10,1.0,P21,112442,1760.61
1979-02-02,642.0,P72,46192,2822.76
1982-10-25,668.0,P62,error,712.08
1994-02-24,359.0,P67,99895,285.37
1999-01-27,645.0,P41,42202,2672.45
1973-03-07,,P77,108821,1960.71
,780.0,P80,54094,2035.11
1997-10-11,352.0,P61,89154,2646.01
1989-03-08,967.0,P76,40225,1101.58
2002-04-05,230.0,P25,112686,2033.85
1992-12-21,,P41,28777,error
1986-09-22,812.0,P40,106929,1351.2
2017-10-01,501.0,P51,23973,1479.35
2022-11-29,486.0,P44,74595,1750.54
2003-01-31,712.0,P50,67889,2909.59
1985-11-21,739.0,P56,51104,error
,,P51,112386,error
2004-02-23,608.0,P64,22849,2990.62
1981-04-13,849.0,P56,98527,1600.4
2021-07-21,733.0,P56,81663,1094.12
2014-12-01,721.0,P57,112018,1108.7
1980-10-27,263.0,P27,53306,2458.19
1975-06-15,,P57,112260,1943.51
2001-09-28,103.0,P47,91516,1537.56
,216.0,P41,50172,1942.33
1985-08-30,350.0,P24,88877,2462.93
1989-02-12,915.0,P37,116477,error
2010-08-27,221.0,P26,43586,error
1990-12-06,243.0,P71,86547,1551.95
2020-07-17,841.0,P46,77975,2728.07
1977-01-12,140.0,P45,76376,1106.16
2000-06-17,,P59,65839,error
1971-11-08,156.0,P77,28933,2643.86
1997-08-11,450.0,P62,69452,558.29
1971-02-20,813.0,P29,52766,1249.01
1981-08-19,,P49,31042,1523.74
2001-07-24,787.0,P56,60971,1503.15
2002-08-05,,P29,106138,1476.1
1993-06-14,564.0,P57,error,1048.49
1997-08-13,686.0,P33,67659,error
1974-09-27,828.0,P65,55579,2217.41
,342.0,P47,90559,1912.71
,539.0,P19,98883,2446.32
,503.0,P57,29256,2459.35
2012-10-07,484.0,P40,119715,1266.63
1974-10-18,516.0,P59,53114,error
2025-01-16,980.0,P54,65453,2576.24
1981-08-19,568.0,,41767,893.67
1973-06-18,136.0,P24,29384,2972.81
,840.0,P52,52588,2325.11
2018-12-15,723.0,P35,102247,2261.38
2002-10-31,624.0,P76,111503,1010.98
1998-07-25,978.0,P19,68501,586.38
1995-07-11,258.0,P71,96807,2751.97
1989-03-25,339.0,,74688,2341.24
1980-02-13,899.0,P56,45256,error
2015-03-29,220.0,P62,40552,144.71
2010-10-17,627.0,P25,59080,1955.27
1996-10-05,712.0,P62,68666,291.88
2006-10-18,393.0,P53,57610,2315.43
2018-03-14,297.0,P62,error,514.19
1974-03-25,,P57,68189,2768.16
1982-11-13,,P50,39728,996.97
1990-01-03,114.0,P48,68510,1829.87
2024-03-06,,P80,41504,639.96
1984-07-03,478.0,P60,75740,2464.9
2008-06-20,701.0,P64,39772,1746.5
1989-06-19,848.0,P45,65539,2490.52
2007-12-05,7.0,P22,80439,2165.57
1983-03-02,,P68,77638,1999.34
2024-05-06,100.0,P54,23570,2828.91
2002-10-23,332.0,P51,60519,error
2010-07-10,20.0,P29,29947,2975.48
2024-03-01,639.0,P45,70092,1570.13
1996-04-20,201.0,P50,error,175.74
2024-12-30,61.0,,117773,2550.45
2017-05-29,994.0,P44,105447,error
1980-02-27,986.0,P25,102734,1275.17
1983-09-09,422.0,P55,21775,2555.47
1975-05-17,759.0,P20,90630,882.12
1980-02-23,,P22,30804,2104.09
1978-06-05,,P26,91131,365.79
2021-06-09,400.0,,28815,1167.85
,692.0,P67,error,575.57
1981-06-12,466.0,P21,93427,605.4
1988-12-01,271.0,P46,68832,2627.02
2016-09-05,283.0,P60,error,1727.43
1988-06-24,108.0,P54,23621,2268.91
,531.0,P18,69181,2372.97
1980-03-05,10.0,P40,110138,2556.39
1997-07-20,390.0,P33,91986,2217.1
1978-01-09,,,40672,2650.07
,886.0,P63,20229,1787.56
1972-07-29,258.0,P31,71390,error
,137.0,P28,59384,1443.0
2010-05-08,266.0,P76,55225,2524.01
1994-06-16,222.0,P55,73320,1486.25
1979-03-20,813.0,P24,error,2628.03
1991-05-08,660.0,P56,49475,1374.11
2018-08-01,368.0,P57,54918,1263.33
1985-07-12,366.0,P61,44150,2425.87
,525.0,P80,error,1299.67
1993-01-16,206.0,P33,113356,871.57
1988-11-28,502.0,P31,26967,1531.22
,290.0,P23,110648,2845.13
2020-07-03,131.0,P19,error,883.23
2003-06-22,523.0,P60,66725,753.33
1996-02-29,964.0,P29,35417,2176.9
2015-08-19,,P69,66151,error
2000-10-14,33.0,P19,44944,727.49
2011-01-18,859.0,P59,114406,error
,29.0,,97388,2579.73
2006-12-15,906.0,P32,99981,268.26
2004-07-27,731.0,P77,90454,2367.39
1981-09-29,282.0,,24055,1831.09
2003-08-23,139.0,P65,error,217.02
1971-02-26,4.0,P36,43878,878.88
2008-09-03,,P39,21645,1515.64
1983-10-21,,P41,100387,131.3
,246.0,P25,70752,1247.25
,289.0,P64,93626,631.31
2024-07-30,541.0,,117800,2238.59
1999-09-03,590.0,P58,43565,2228.8
1970-01-23,582.0,P27,119795,2777.61
1974-10-02,729.0,P49,32706,error
1989-07-23,352.0,P33,77354,1556.6
2023-07-07,152.0,P79,52067,2106.85
1991-04-17,460.0,P69,92419,385.4
1987-01-05,171.0,P78,69302,815.44
1979-11-06,,P76,error,1548.93
2023-12-10,537.0,P77,error,117.72
2010-11-01,955.0,P63,115323,754.77
2009-12-21,306.0,P35,117693,466.42
1970-12-07,122.0,P67,99594,2113.44
,324.0,P59,54590,1106.62
2002-09-30,293.0,,30337,263.28
2018-10-08,455.0,P50,63243,2204.27
1974-04-15,385.0,P42,75022,2005.64
1979-10-14,930.0,P24,113813,error
2012-10-01,,P67,86923,1583.33
1981-11-10,90.0,P54,26873,551.41
2019-01-19,101.0,P45,24352,1524.92
,762.0,P71,50625,1245.8
2018-02-08,51.0,P78,42577,1726.14
2025-01-21,48.0,P80,70547,2807.73
1994-06-10,601.0,P61,101489,560.76
1999-10-16,597.0,P52,35178,error
1977-07-31,334.0,P24,35676,2582.54
2014-05-08,735.0,P66,103177,1595.79
,118.0,,60510,445.83
1973-03-13,66.0,P55,error,2502.97
1980-04-23,720.0,P54,31020,2322.15
1987-09-16,806.0,,72721,error
2001-10-19,785.0,P19,26046,996.29
2003-02-07,139.0,P68,26897,2272.04
2015-10-29,819.0,P55,23717,error
1970-06-22,490.0,P65,25985,2176.07
2018-04-09,,P51,65358,2898.9
1985-05-30,340.0,P78,68198,1975.54
2015-03-14,279.0,P74,error,1941.41
2020-07-28,382.0,P23,error,754.44
,43.0,P39,63871,1253.47
2020-11-20,5.0,P80,95418,1083.54
2015-11-11,,P28,108206,2855.45
1984-10-17,850.0,P27,20904,2121.56
1988-08-10,295.0,P33,48676,1378.94
2014-04-12,469.0,P49,83011,462.73
,957.0,,118859,546.98
2022-07-24,740.0,P29,50306,1785.35
,,P54,32255,232.04
2007-06-18,101.0,P59,44506,2167.66
1994-06-02,872.0,,46965,863.89
1989-03-30,,P55,47631,1908.54
2006-08-12,607.0,P65,79928,936.32
2016-09-17,993.0,P50,29336,288.0
1982-03-08,902.0,P76,71289,2424.2
2018-06-02,241.0,P32,29190,1354.53
1996-03-03,119.0,P37,56826,2466.53
2000-10-06,783.0,,43194,1267.34
2017-06-24,453.0,P61,100810,1130.75
1983-11-21,990.0,P70,115738,1901.83
2019-06-17,535.0,P50,63964,1006.47
1974-04-02,174.0,P59,error,314.35
1975-04-20,923.0,P46,103752,error
1981-07-25,666.0,P67,65859,1748.79
1992-01-01,744.0,P23,error,339.59
,626.0,P35,60738,315.42
1980-01-16,724.0,P32,error,2330.04
,913.0,P30,error,603.45
,815.0,P22,118322,error
2007-02-28,797.0,P59,27379,680.23
1989-11-27,647.0,P27,24457,1469.58
,913.0,P31,77604,191.15
2011-11-12,300.0,P68,118391,1456.17
2009-01-11,169.0,P43,39106,833.4
1972-05-26,266.0,P43,32063,2526.09
1988-08-29,823.0,P34,108299,error
1970-08-13,404.0,P31,101210,error
1989-07-14,,P28,83558,1780.03
1997-02-17,,P68,error,1638.29
1989-06-18,474.0,P66,error,1661.36
1989-06-24,867.0,P70,50661,1413.97
2001-11-12,612.0,P19,49107,713.15
1987-03-12,834.0,P26,108981,2548.31
2014-09-11,,P23,90208,1884.93
1976-05-16,284.0,P56,86775,1529.59
1978-01-20,574.0,P51,23253,669.29
1987-07-27,289.0,,77955,2475.96
1988-09-29,61.0,P22,112710,1886.29
1973-06-05,437.0,,27678,325.24
2009-05-20,73.0,,error,1693.8
1970-10-13,891.0,P24,80131,2066.7
2023-12-21,185.0,P67,error,1634.21
2017-06-04,719.0,P74,44603,1716.17
1997-04-28,976.0,P80,104007,992.99
1992-05-25,507.0,P72,73082,2117.9
2017-03-05,636.0,P57,23868,1202.14
1999-10-18,,P18,57567,1566.97
1975-12-06,433.0,P56,56862,841.46
1987-12-08,461.0,P50,41689,2567.65
2018-06-18,644.0,P46,45675,2837.58
1987-02-01,342.0,P49,59205,1491.92
2011-03-16,792.0,P22,87662,1672.4
2001-04-27,265.0,,37008,249.49
,571.0,P42,50787,2213.27
1984-01-17,302.0,P20,33993,1989.01
2018-05-21,349.0,P42,54888,411.73
,877.0,P50,118888,326.63
2008-02-23,712.0,P55,81202,2165.74
,371.0,,82781,1197.97
1994-07-10,770.0,P58,65231,394.96
2003-09-03,143.0,P31,40227,1854.78
2002-07-04,343.0,P50,119533,2381.93
1994-02-05,227.0,P72,29451,154.2
1970-08-03,642.0,P61,62029,2499.74
1997-11-06,657.0,P46,67329,2654.5
1987-10-24,529.0,,20689,error
,270.0,P63,30536,1387.56
1994-11-04,711.0,P44,100914,582.44
1992-10-26,8.0,P75,67262,1737.91
2024-08-29,266.0,P78,35097,1582.77
1990-09-28,838.0,P44,102525,1002.16
1970-01-28,363.0,P24,94730,2113.53
1973-10-23,929.0,,44191,2703.36
2006-02-24,847.0,P41,93064,2749.99
1983-08-29,56.0,P60,error,273.93
2016-05-17,82.0,P38,105705,1754.86
,712.0,P46,54032,544.51
,852.0,P80,error,2272.08
1973-07-27,139.0,P46,78455,1467.04
2003-08-01,286.0,P18,47186,2363.35
1977-07-19,2.0,P77,36325,1140.67
1981-10-15,123.0,P40,116362,751.23
1993-08-03,895.0,P25,22288,474.05
,659.0,P42,87298,604.57
1991-02-08,838.0,P65,74411,509.66
1977-11-30,339.0,P54,53538,837.8
2005-02-20,,P48,86254,1995.56
2005-04-21,100.0,,38726,558.88
2006-03-05,590.0,P29,87263,124.93
2003-12-30,705.0,P19,67613,1082.33
1970-11-01,49.0,P37,73527,2750.18
1986-05-20,993.0,P35,37916,error
1973-05-04,415.0,P50,102425,1561.34
1993-10-07,353.0,P50,41783,1399.73
2010-03-20,908.0,P23,73383,error
1973-07-17,495.0,P34,26492,1083.65
2010-10-13,82.0,P34,106687,486.35
,805.0,P43,111740,553.51
1983-08-28,937.0,P48,32648,2947.89
2024-01-17,537.0,P49,54797,740.97
1993-02-18,20.0,P47,46223,2213.74
,506.0,P78,54290,2659.61
1982-07-31,552.0,P47,81724,949.12
1970-10-09,,P21,22173,436.66
2015-01-24,916.0,P63,34817,518.05
2023-04-30,221.0,P36,71916,1559.57
2014-09-29,34.0,P27,79780,407.51
2003-01-07,,P32,96485,1139.65
2011-01-05,539.0,P19,69481,925.07
1994-11-24,459.0,P73,66102,2887.92
2005-06-26,242.0,P26,81071,error
2018-01-12,744.0,P66,89159,1442.94
2010-03-29,,P71,error,914.0
,299.0,P78,83739,1823.67
1993-12-25,617.0,P32,37809,1405.74
1970-08-03,41.0,P68,45652,351.9
1972-04-07,216.0,,94871,error
2013-07-01,170.0,P74,49502,error
1994-09-07,324.0,,72009,2314.33
1976-12-29,468.0,P64,28141,1412.66
2013-05-17,785.0,P18,33963,1364.72
2006-11-14,199.0,P66,75026,584.36
2016-06-02,975.0,P18,90502,382.32
1981-11-01,646.0,P53,107338,848.49
2005-02-11,697.0,P67,72401,2507.55
1993-02-15,91.0,,98616,793.76
1983-07-08,443.0,P30,100081,2192.32
1999-09-10,129.0,P34,71400,1587.65
2023-12-07,256.0,P50,82944,error
2015-01-09,949.0,P59,57222,1595.61
1987-01-21,359.0,P29,57080,821.98
1996-05-23,531.0,P73,116082,2335.73
,,P77,77348,error
,462.0,P49,89957,1021.27
1995-06-29,323.0,P75,40333,136.78
1979-08-16,504.0,P24,110586,242.2
2018-07-18,246.0,P36,63023,528.88
2002-04-03,,P73,77580,1155.4
1995-08-11,,P69,error,2799.56
,695.0,P66,61995,1674.91
1977-07-04,9.0,,81266,2577.54
2006-03-30,316.0,,error,2500.72
1993-10-18,122.0,P33,94806,2588.83
2009-08-23,186.0,P69,91381,1948.21
1996-11-12,366.0,P60,119846,error
2012-02-24,541.0,P80,94143,2383.1
2014-04-29,560.0,P59,72423,2401.73
2022-01-02,,P66,21674,2327.82
1975-04-21,91.0,P34,69226,1020.78
1993-04-03,,P45,error,1176.23
1979-01-02,387.0,P21,32997,1408.29
1977-01-05,704.0,P79,70578,2921.43
1977-08-02,495.0,P32,90103,1439.65
2016-03-27,922.0,P63,111862,1219.46
1973-11-20,213.0,P34,95048,2380.91
2020-02-25,404.0,P74,107023,1000.73
1970-01-29,32.0,P18,116368,1945.63
1982-07-08,788.0,P30,26885,2235.66
1978-03-28,944.0,P56,29838,1131.2
1982-02-16,609.0,P49,62281,error
1987-05-21,318.0,P66,38724,990.53
1970-04-26,781.0,P45,42785,631.98
2007-05-31,632.0,P30,error,2837.88
2006-12-15,195.0,P67,error,2586.43
1988-12-29,765.0,,82385,1280.02
1998-10-16,370.0,P62,100344,error
1986-04-06,222.0,P35,96694,2253.46
2006-01-14,372.0,P61,error,2813.81
2000-04-04,498.0,P80,78611,1157.39
2008-03-29,209.0,P68,119942,2598.37
2012-05-06,751.0,P32,48972,725.58
1990-03-28,708.0,P21,104767,2427.62
1992-12-24,355.0,P47,54855,2958.45
2024-05-10,847.0,P51,56998,173.88
2019-07-09,430.0,P73,103941,2596.24
1976-08-15,817.0,,98970,error
2011-02-12,,P19,55779,error
1994-12-07,7.0,P54,error,1356.02
1974-01-02,931.0,P75,107357,2594.46
2017-09-03,891.0,P47,error,1762.93
1994-03-10,452.0,P30,99603,1225.91
1989-02-15,482.0,P36,88608,2062.03
2022-12-18,,,32735,1094.19
1991-07-03,635.0,P30,error,1155.2
2007-06-27,795.0,,71265,1989.41
1977-07-24,162.0,P48,105449,1385.43
2022-01-20,512.0,P37,107672,1821.41
2002-07-12,634.0,P38,102851,2722.37
1976-12-22,432.0,,49961,644.88
1998-07-12,903.0,P31,73264,1305.1
2024-02-22,,P77,79628,1943.67
1987-08-27,399.0,P25,59243,1878.34
1981-12-24,120.0,P66,60493,434.13
1985-07-29,,P75,27662,2808.44
2000-02-03,368.0,P43,110973,944.83
,559.0,P79,22054,2031.87
2003-04-09,642.0,P55,118229,1701.9
1983-08-06,,P46,41483,101.29
1981-07-26,953.0,P45,58670,error
,633.0,P41,117944,326.49
2020-09-12,172.0,P35,40432,2139.38
2017-12-09,291.0,P29,109287,958.54
1976-11-09,274.0,P49,35278,1841.67
1977-02-23,722.0,P60,92958,2130.81
1991-01-15,,P36,33467,467.48
1995-04-11,723.0,P57,58081,520.43
2004-04-04,774.0,P29,114907,1368.1
1984-07-09,271.0,P29,error,2551.86
1976-06-24,619.0,P33,86773,1736.55
2018-11-29,184.0,P29,35797,2696.88
1983-12-07,447.0,,77722,1569.08
2021-08-16,500.0,P72,46860,2112.87
,396.0,P58,84471,1766.92
1990-05-14,322.0,P69,30907,2488.01
,299.0,P68,27567,2635.19
2005-03-16,274.0,P74,87060,1122.65
1971-08-20,,,68208,806.44
1995-03-26,372.0,P69,44194,292.88
1973-06-24,900.0,,113452,2335.72
2024-11-30,941.0,P36,87638,2407.73
1977-10-03,17.0,P22,118130,2793.32
1996-12-10,888.0,P27,97627,1438.1
1988-09-17,864.0,P70,115201,2934.6
1992-07-25,184.0,P45,85218,2269.77
2005-10-24,369.0,,error,error
1990-03-24,601.0,,90979,664.83
2007-06-10,941.0,P35,88190,385.88
1994-09-12,146.0,,34168,2678.54
1988-12-17,77.0,P70,71880,2416.29
,85.0,P80,error,1309.05
2009-04-28,831.0,P60,79993,1099.46
2013-08-25,423.0,P50,50755,1580.67
2004-09-09,624.0,P64,111523,2920.64
1976-03-26,464.0,P74,74633,159.89
1987-06-11,68.0,P36,56513,123.68
,666.0,P24,26680,1309.85
2007-09-28,417.0,P21,100936,2695.72
2019-05-26,448.0,,74773,1735.86
1970-09-18,498.0,P58,43105,1255.05
,42.0,P37,87043,error
,988.0,P38,72422,2125.85
2022-02-09,16.0,P70,108867,949.61
1991-03-27,398.0,,91079,2930.28
1978-03-11,854.0,P30,65880,1275.59
2007-05-23,293.0,P38,71015,2511.61
1984-02-27,682.0,P70,98193,2032.69
1984-01-08,946.0,P22,44096,488.75
,482.0,,77811,1123.0
2012-09-12,471.0,,90011,2137.92
1977-02-23,893.0,P23,71870,1210.22
1989-12-09,,P78,77617,2025.77
2000-12-16,406.0,P40,29369,2419.68
1982-01-31,690.0,P67,76446,2924.52
1986-12-13,182.0,P53,117058,2959.54
1990-10-02,672.0,P30,21803,1675.03
1985-06-19,105.0,P72,44095,463.2
1994-10-07,245.0,P20,72762,468.06
2012-10-18,570.0,P27,53080,1917.97
2008-02-14,756.0,P77,96895,2677.72
1975-09-20,195.0,P49,55933,755.45
2003-09-17,11.0,,20334,1714.18
1991-10-28,9.0,P75,111805,1941.16
2022-10-07,,,26354,error
1985-10-13,550.0,P63,106248,1205.06
2008-06-08,927.0,P48,35445,2401.92
2010-09-03,184.0,P45,36444,913.05
1976-04-12,393.0,P79,82052,error
2012-05-27,459.0,,error,2219.91
1988-04-16,728.0,P43,94714,520.04
2010-08-05,,P36,78823,1060.32
,872.0,P66,85754,1793.89
1979-10-14,301.0,P46,26875,2469.2
2007-03-26,288.0,P61,80701,662.33
2003-11-30,198.0,P80,112475,2916.35
1976-05-01,616.0,P64,35849,error
1998-04-10,871.0,,105642,2773.13
1974-10-04,676.0,P29,77935,2639.72
,,P78,21749,1173.0
,371.0,P68,24645,error
1979-05-02,231.0,P63,77924,1035.83
,218.0,,68510,1423.46
,553.0,P76,38002,939.53
1987-01-13,848.0,P69,error,1601.45
1977-11-12,383.0,P59,29005,591.37
2022-07-31,422.0,P37,36999,2211.33
,824.0,P46,102828,437.42
1998-07-31,140.0,P56,67894,1723.34
1990-05-24,19.0,P63,43642,2161.31
1989-08-21,44.0,P27,51344,2701.19
1981-03-29,368.0,P55,89749,error
2005-03-24,556.0,P19,35547,2554.99
1977-02-02,575.0,P65,46552,2082.05
1984-07-12,572.0,P76,34492,error
,262.0,P73,74670,1414.17
,823.0,P41,52329,2470.48
2015-03-16,781.0,P33,38518,216.57
2001-06-16,567.0,P61,115914,1040.87
1984-03-25,586.0,P44,80652,2779.4
1979-08-16,515.0,,error,1636.96
2020-11-20,331.0,P76,50622,1837.94
1982-11-26,378.0,P18,48794,1057.84
1975-06-30,358.0,P35,95570,2242.22
1980-02-05,714.0,P40,117253,1017.72
2013-09-29,868.0,P41,47695,2385.07
1970-06-22,,P25,69315,467.22
2019-02-05,,P64,101519,315.77
1983-04-24,,P69,33899,130.42
1981-08-24,813.0,P65,119694,699.73
1974-11-15,578.0,P31,97223,898.35
1972-02-18,,P67,46498,2090.31
1996-06-21,437.0,P67,error,751.7
2010-10-06,610.0,,53451,2383.57
1983-07-31,110.0,P18,61705,2713.78
1982-10-05,383.0,P66,39761,903.53
2008-07-20,662.0,P58,88504,1993.62
2000-08-17,508.0,P46,59335,1733.58
2007-04-28,597.0,P67,79649,1976.78
2014-07-04,697.0,P37,26407,2091.2
,233.0,P31,36642,1931.12
2013-12-04,122.0,P48,41714,1927.95
2017-10-14,392.0,P47,77476,1069.65
1999-01-18,273.0,P59,error,error
2024-10-19,976.0,P22,101191,1615.24
2017-09-25,202.0,P64,68407,868.67
1981-01-03,147.0,P44,61399,1839.41
1988-03-24,,,error,2833.47
2016-10-23,944.0,P63,112456,2662.5
,667.0,P48,33427,1685.76
2010-06-21,218.0,P22,92469,966.55
2020-03-10,784.0,P55,58022,2022.54
1990-07-02,24.0,P69,74493,error
2009-10-30,126.0,P80,72352,156.96
1985-10-15,950.0,P19,114782,1698.48
1996-10-29,794.0,P73,48460,1748.1
2002-03-16,907.0,P26,24957,825.07
2001-01-05,770.0,P66,error,1871.96
1994-11-22,20.0,P40,113813,error
1985-03-05,110.0,P46,error,2032.2
2008-10-14,266.0,P61,41167,661.41
2005-04-15,,P58,error,error
1986-01-03,273.0,P80,109883,644.74
1995-09-26,385.0,P80,108990,error
2007-07-30,579.0,P48,116323,164.69
1989-04-04,927.0,P19,113328,2642.37
2013-10-25,354.0,P58,104171,2140.0
1993-04-03,385.0,P50,87741,1738.96
,707.0,P73,26188,649.08
2010-06-24,799.0,P57,59464,2679.63
1985-03-30,991.0,P52,78751,2127.54
1992-08-24,18.0,P27,71704,1953.03
1994-01-15,127.0,P21,82078,2706.42
2001-08-24,792.0,P65,107948,1873.03
1976-04-15,90.0,P48,96849,1306.81
1984-02-25,761.0,P32,66945,2389.32
2023-02-25,85.0,P45,117322,2533.55
1981-05-05,830.0,P29,20434,2377.97
1983-09-04,,,53479,2197.83
,800.0,P68,46943,1885.64
2005-09-26,126.0,P19,77134,error
2009-01-28,384.0,P60,99467,633.39
1988-05-22,,P54,49250,2590.69
1984-06-22,99.0,P59,54032,1796.39
2005-03-17,278.0,P73,84293,2701.27
1991-05-07,,P55,91125,1016.99
1997-08-01,872.0,P47,65822,638.82
2023-07-07,,P26,31796,2384.19
2017-11-15,466.0,P31,58509,2714.45
2000-09-09,44.0,P20,81820,1937.79
1976-03-07,,,93767,2639.88
1970-10-17,398.0,P76,31826,error
2024-04-19,446.0,P46,42991,error
2020-12-08,427.0,P80,22210,389.98
1980-01-21,,P30,92443,error
1972-12-28,520.0,P41,113711,2278.63
1996-12-05,,,78653,120.98
2001-06-02,,P54,100967,2272.9
1985-06-09,918.0,P42,29675,953.07
2011-12-29,141.0,P41,54171,1316.05
1987-02-22,545.0,P19,102692,1770.17
,,P45,81792,1941.09
1983-01-11,,P65,119401,1590.55
2019-12-15,11.0,P68,112843,2939.18
2007-01-13,558.0,P72,100503,2877.19
2014-09-12,794.0,P56,89935,225.87
2015-12-25,535.0,P39,112342,714.28
1995-08-11,15.0,P65,33458,926.59
1976-07-12,455.0,P26,82681,242.05
1995-03-09,875.0,P28,44326,1726.8
2021-06-28,,P51,57911,398.7
2014-01-26,726.0,P62,70000,error
1987-10-03,,P43,97532,1184.51
2024-06-02,402.0,P78,106700,173.9
2019-05-30,,P70,46157,1639.42
1994-04-10,861.0,,87908,1691.29
2011-08-17,803.0,P46,62059,367.22
1976-05-06,803.0,P75,27316,error
1979-11-02,245.0,P80,111255,597.27
2014-05-01,611.0,P29,83236,264.76
1997-07-26,39.0,P61,31199,1028.69
1987-10-20,897.0,P49,73591,2927.48
1984-05-05,532.0,P18,error,error
1992-04-15,73.0,P48,74083,error
1975-03-18,342.0,P31,78517,2120.48
1980-08-25,564.0,P21,95948,1245.61
1995-05-26,113.0,P28,113644,2384.55
2004-04-19,240.0,P21,72406,error
1979-05-25,432.0,P73,52586,248.8
1980-04-17,3.0,P71,42148,2960.47
1981-01-17,759.0,P72,104749,1331.7
2000-12-30,433.0,P27,27256,677.38
2021-10-26,7.0,,error,775.04
1973-02-27,558.0,P42,112929,2214.08
1978-01-02,836.0,P21,69202,1507.48
2008-08-31,958.0,,89913,350.69
2009-10-09,783.0,,94159,1859.25
1984-04-17,282.0,P50,92406,253.92
2000-06-09,510.0,P36,73099,793.87
1990-07-03,879.0,P36,error,2174.03
2016-07-03,193.0,,67460,903.0
2012-05-02,22.0,,117069,2489.05
1971-09-14,,P58,72003,error
2020-07-17,791.0,P55,22235,1370.61
1996-10-18,483.0,P70,95571,error
,524.0,P46,116137,2271.59
2020-07-19,214.0,P27,34758,139.18
1992-06-29,920.0,P25,98316,2138.66
,234.0,P38,41213,1799.52
1983-10-31,334.0,P39,27573,2953.12
1976-11-29,7.0,P39,102502,2772.01
2005-04-06,610.0,P57,66148,error
1977-06-14,29.0,P77,23072,error
2020-03-19,31.0,P62,80476,781.33
1993-11-07,940.0,P22,101302,error
1976-04-12,486.0,P60,89763,1871.32
,507.0,P29,99463,652.33
1988-01-10,372.0,P58,68334,error
1989-04-09,189.0,P71,77091,2153.85
2002-07-24,871.0,,113164,2318.62
2022-05-23,946.0,P78,38134,2084.89
2023-04-20,499.0,P23,35967,215.61
2007-05-26,386.0,P23,82669,2029.24
1979-09-16,819.0,P20,50403,2052.44
2011-11-04,733.0,P30,36645,2496.58
2005-04-04,24.0,P44,95743,854.2
2004-03-23,1000.0,P37,error,293.74
1982-01-23,235.0,P27,108552,2862.27
1973-05-15,957.0,P57,65712,613.5
1982-08-18,7.0,,71918,2032.69
1980-02-19,456.0,P59,error,2748.83
2023-01-13,886.0,P41,35538,2229.91
2015-07-29,223.0,P76,72557,2731.45
2007-04-12,658.0,P21,error,382.75
1979-08-19,816.0,P80,68836,803.23
2020-04-07,252.0,P31,error,1252.44
1998-11-17,24.0,P79,91561,833.95
2016-07-07,,P74,37598,2543.41
1988-04-08,401.0,P42,error,353.69
1973-07-19,356.0,P45,102050,2119.78
1988-08-15,751.0,P43,44567,2624.52
1979-12-10,826.0,P59,40150,2556.44
1970-01-17,253.0,P72,119701,532.92
1976-03-02,729.0,P46,65852,2879.92
1995-06-21,,P66,113909,2338.36
2008-02-29,833.0,P31,error,802.67
1988-10-02,,P29,47510,2250.08
1983-02-26,86.0,P37,51126,1039.93
1974-07-21,452.0,P64,76577,2200.3
1993-03-05,258.0,P79,77234,2621.64
,916.0,P70,85987,593.37
2021-02-27,751.0,P32,31030,1225.22
2016-04-09,67.0,P32,74541,2785.19
,532.0,,34140,919.39
2015-09-15,993.0,P44,85364,2614.73
1980-02-17,945.0,P66,58979,812.15
1976-05-08,758.0,P72,24788,2692.89
2008-04-02,749.0,P59,111519,1413.41
1984-04-15,,P66,56754,1984.5
1986-01-19,911.0,P74,103067,1444.57
1990-01-25,735.0,P80,100620,822.89
1984-06-16,200.0,P74,42307,1344.53
1988-04-28,329.0,P22,72607,1076.75
1977-02-17,179.0,P59,error,385.66
1987-11-11,806.0,P30,96253,2848.0
2017-09-29,,P63,error,972.23
1996-09-04,845.0,P25,71163,263.31
2015-11-03,390.0,,60482,2640.62
1977-07-01,886.0,P56,63710,1623.56
2011-06-13,356.0,P19,39787,2570.38
2020-04-29,440.0,P54,96715,691.44
2000-05-09,988.0,P72,27134,1773.79
2005-07-17,,P65,error,788.59
2010-03-14,904.0,P22,114588,922.98
1981-12-12,2.0,P28,37892,2946.75
1975-03-17,788.0,P23,111377,1170.09
1978-04-18,548.0,P20,118642,252.86
2011-03-21,,P75,89648,2802.88
1999-11-17,862.0,P27,93282,2036.31
2023-11-05,201.0,P61,error,1504.27
,363.0,P79,56096,105.44
2012-02-03,,P54,45024,2579.55
1989-08-07,269.0,P45,64810,933.28
1984-05-14,,P24,error,error
1997-12-27,,,error,error
2000-09-26,828.0,P25,84126,2518.38
1973-02-17,448.0,P68,93760,2610.48
2011-10-05,397.0,P23,66241,1432.18
2021-11-13,633.0,P46,65921,1261.25
1971-08-31,516.0,,72846,error
1983-12-05,,P53,59227,121.71
2001-07-07,919.0,P29,43240,2371.72
1985-06-28,971.0,P30,82043,1535.15
1982-09-23,24.0,P44,92554,265.23
,741.0,P50,error,156.23
2023-06-15,758.0,P19,72438,290.87
1999-12-16,72.0,P69,110553,1293.71
1991-08-02,696.0,P47,72694,2360.27
,796.0,,36649,897.55
2014-07-22,373.0,P56,65802,1316.23
2021-06-11,274.0,P39,64487,1094.43
2005-01-14,71.0,P43,86977,2372.78
2001-07-26,116.0,P58,64280,2495.53
2023-01-25,412.0,,97978,2309.15
2008-07-05,835.0,P43,65168,762.2
,111.0,P28,97022,1818.2
1983-11-21,,P32,22248,1202.29
,841.0,P61,80865,error
1979-03-29,715.0,,98932,1337.9
2002-07-31,801.0,P69,115629,2805.77
2007-12-31,977.0,P25,73065,2128.52
2000-02-22,225.0,P49,82385,error
1981-03-04,113.0,P58,44043,1312.12
2023-07-10,867.0,P42,41306,2240.06
2022-03-15,187.0,P71,93996,1899.57
1984-09-27,754.0,P72,error,1403.9
2024-05-24,596.0,P49,28096,1357.77
1997-04-16,853.0,P46,87722,1071.3
1995-06-17,350.0,P30,77748,1512.17
1996-01-26,533.0,P38,79602,2065.32
1983-10-03,685.0,P58,36004,950.86
1994-03-10,517.0,P52,95302,1237.83
2014-09-11,899.0,P18,85265,error
1976-07-05,252.0,P41,25771,578.25
1997-07-07,741.0,P55,66295,1050.96
2015-08-02,512.0,P36,115543,101.14
1977-07-06,,P80,69182,error
2011-11-05,50.0,P23,101493,2780.9
1992-09-02,936.0,P35,119630,803.05
1988-04-08,150.0,P40,33938,581.23
,184.0,P45,error,error
2021-03-27,182.0,P56,49120,2295.32
2004-10-16,,P72,61772,2538.3
1986-08-31,474.0,P28,91055,1755.1
,640.0,P54,32524,error
1988-01-24,121.0,P40,46523,1249.81
1986-09-21,980.0,P34,73350,1801.07
,64.0,P29,41449,839.69
,29.0,P49,57409,1295.23
2005-07-22,893.0,,84482,2499.7
,635.0,P44,43636,2877.72
1991-03-20,885.0,P34,38514,860.86
2017-03-02,518.0,P30,47920,1670.75
1980-01-24,,,87751,1758.22
2007-09-29,194.0,P32,97952,1721.11
1973-01-29,323.0,,38430,349.29
,380.0,P73,92653,2965.19
1978-09-22,379.0,P52,90122,2889.59
1989-05-26,419.0,P55,58406,2581.97
2017-04-29,214.0,P24,26877,773.86
2021-03-11,60.0,P51,error,959.02
1995-09-27,,P38,error,2596.07
1983-12-22,,P33,59848,631.16
2001-12-09,608.0,P42,87573,1850.43
1975-02-18,467.0,P36,58410,180.17
1973-10-31,,P71,45191,1107.76
2016-05-22,,P21,66752,2304.5
2013-10-07,212.0,,66555,1926.43
2003-09-09,,P69,73352,313.07
1998-01-19,825.0,P79,32192,1813.6
2015-03-30,706.0,P61,98339,2879.77
2006-06-15,697.0,P29,26238,1400.72
2017-10-06,759.0,P59,29925,1381.94
1990-12-27,28.0,P59,100646,2294.65
1972-08-16,340.0,P29,116218,1263.06
2016-02-01,,P45,64747,error
1994-08-27,889.0,P51,47287,1755.31
,838.0,P28,34083,968.9
2007-04-25,164.0,P57,error,2258.9
2004-03-14,468.0,P31,104819,1591.39
1990-02-28,,P41,92614,error
2010-11-13,977.0,P61,79154,588.7
1990-04-15,734.0,P27,76021,1582.13
1993-12-02,356.0,P40,65769,138.18
2003-02-12,948.0,P48,116246,580.03
2017-08-20,155.0,P80,81609,989.57
1982-12-08,615.0,P73,80091,2257.53
2013-01-07,53.0,P64,82318,975.65
2004-01-02,977.0,,114360,273.08
1994-04-29,332.0,P30,67084,2102.06
1974-11-08,359.0,P42,99487,1700.17
1972-08-07,720.0,P54,118705,2489.51
1981-09-22,491.0,P59,26359,error
1977-03-06,254.0,P27,84097,error
1987-08-23,952.0,P45,79383,1796.41
1983-02-01,935.0,P38,95943,885.07
1970-06-21,700.0,P43,error,2128.74
1996-08-15,599.0,P50,53023,2845.86
1977-06-28,547.0,P48,113023,1650.41
1980-08-04,75.0,P26,59755,484.03
1972-06-22,279.0,P70,98380,298.02
1981-12-27,134.0,P71,error,517.4
1976-02-09,168.0,P77,105785,525.86
2022-06-07,446.0,P69,69098,1683.13
1980-12-21,454.0,P42,33257,error
1978-11-27,444.0,P34,21226,1670.73
2005-01-08,985.0,P66,91855,2317.09
1994-01-10,931.0,P41,43603,1915.98
2017-11-03,,P45,23828,151.89
1999-05-28,585.0,P69,error,1225.69
,70.0,P20,91730,2208.22
2007-10-23,94.0,P73,80874,1356.83
1987-01-03,528.0,P29,104218,2006.42
2014-11-23,404.0,P25,89868,1700.94
2013-12-06,,P25,51368,548.92
2017-11-17,639.0,P73,38569,2352.71
1986-06-06,402.0,P32,87188,2702.69
1970-05-24,70.0,P64,error,1312.15
2011-04-04,671.0,P21,error,210.84
1980-10-30,726.0,,100740,2658.7
1980-08-15,655.0,P19,61358,2352.04
2019-01-31,701.0,P18,95560,2401.45
1988-11-20,271.0,P33,54361,2589.31
2001-06-27,635.0,P79,111094,2276.15
2003-02-20,610.0,P78,104657,1232.12
2009-12-05,470.0,P60,109982,2769.27
2010-05-29,905.0,P29,error,1186.73
1997-01-05,312.0,P41,73208,1317.44
1986-07-02,730.0,P74,80426,error
2014-10-08,79.0,,90836,1962.02
2002-01-25,814.0,P32,87523,error
1976-01-19,823.0,P70,113885,115.46
1986-07-01,384.0,P36,88625,1974.82
1998-10-18,23.0,P76,83727,2664.79
2002-07-06,522.0,P49,25051,2734.54
1989-08-22,882.0,P24,36110,2177.79
2004-05-31,858.0,,53558,529.1
1986-12-14,799.0,P76,error,482.1
2006-01-30,683.0,,45212,1670.66
1993-05-20,555.0,P72,89193,1383.56
1986-05-20,963.0,P48,46496,error
1994-03-22,,P28,118074,error
2013-01-13,,,64037,739.34
2016-03-25,875.0,P75,100168,183.84
1993-04-17,341.0,P23,104962,462.08
2019-10-12,436.0,P53,77822,1351.66
1990-06-18,614.0,,86642,1770.45
2002-05-04,389.0,P43,53483,394.66
2000-12-19,439.0,,55049,1696.11
1972-08-11,794.0,P18,38584,1016.78
2013-07-19,28.0,P23,51435,825.9
1997-04-16,569.0,P67,92582,1628.79
2024-11-18,286.0,P65,58769,539.35
1979-12-03,,,119834,606.5
,568.0,P59,89897,2531.93
2007-06-16,332.0,P53,39979,417.72
1991-03-02,179.0,P53,53981,2587.82
,733.0,P64,76581,834.79
2016-05-28,812.0,P72,42611,1449.16
,206.0,P45,53467,2946.98
2022-04-15,623.0,P60,73213,814.26
1978-06-01,442.0,,31164,493.07
2009-01-02,735.0,P28,118049,2918.21
1972-07-14,537.0,,26969,error
2016-11-08,564.0,P51,60490,error
2024-01-05,294.0,P40,56276,486.9
,435.0,P59,100318,462.51
2012-02-13,577.0,P76,92670,1285.64
,666.0,,63646,336.57
1994-07-20,513.0,P31,109959,259.28
1975-01-18,735.0,P56,93500,1180.67
2011-05-12,905.0,P40,115471,error
2011-10-15,368.0,P33,35893,2619.44
2016-10-15,,P80,error,2542.48
1970-09-27,872.0,P51,93166,475.93
1984-10-23,335.0,P78,error,1547.01
,,,error,544.2
2004-02-25,78.0,P24,81779,1237.53
2021-06-20,669.0,P68,error,959.8
1986-05-27,433.0,P71,34546,2430.9
2015-06-11,888.0,,116205,error
2019-08-22,672.0,P54,23159,1850.74
2005-08-04,906.0,P18,61460,error
2000-03-18,,P39,97686,746.09
,894.0,P20,36712,849.3
2017-05-18,97.0,P67,110864,error
2012-01-18,,P18,81050,512.33
1971-10-07,24.0,P61,20075,481.02
2024-03-08,579.0,P38,70222,439.63
1979-01-08,930.0,P32,59293,1252.69
2022-08-20,787.0,P65,54071,2060.88
1990-03-17,501.0,P55,99026,2118.88
1981-11-13,660.0,P31,103762,761.02
1995-02-03,413.0,P35,89743,2660.88
1979-05-15,76.0,P62,57737,1990.95
,37.0,P36,110457,error
1993-05-21,,P68,31490,430.95
1983-10-17,690.0,P78,52136,2385.83
,3.0,P55,26666,221.08
2021-08-23,636.0,,112534,error
2003-11-06,777.0,P43,101804,2360.03
,130.0,P68,55509,665.66
2017-03-07,511.0,P66,98200,error
2019-06-26,814.0,P48,62105,2625.61
2004-09-04,276.0,P33,108780,442.54
2020-06-03,473.0,P70,59043,2902.98
1997-03-12,,P77,103807,2797.14
2021-08-26,660.0,P40,57193,2826.98
2013-12-03,495.0,P34,90753,error
1996-08-30,996.0,P29,54418,2558.7
,,P61,110900,1826.04
2015-02-04,20.0,P74,79106,1857.81
1974-05-10,231.0,P39,115207,1030.78
1973-12-05,686.0,P23,41436,2641.04
1996-09-08,759.0,P38,114943,1996.52
1974-10-20,645.0,P28,98691,2985.64
2005-04-24,551.0,P77,62190,1145.67
1997-12-13,266.0,P52,error,850.29
1976-04-26,,P71,105971,1314.31
1971-11-03,100.0,P50,47093,778.01
1981-05-22,373.0,P25,64173,1696.23
1995-10-21,900.0,P74,64497,2359.83
1972-11-04,633.0,,112977,2997.76
2000-09-23,,P80,21608,521.17
2017-03-07,115.0,P20,110387,2054.65
2023-03-04,920.0,P73,70406,error
1997-11-20,336.0,P61,25059,2339.41
2013-04-10,450.0,P36,39844,966.49
1972-06-08,,P44,78393,1025.37
,544.0,P26,95420,953.24
2018-05-07,517.0,P40,78523,1867.29
2020-05-22,,P69,83472,2424.06
1988-05-17,245.0,P64,error,2609.35
1986-12-05,370.0,P40,97638,827.14
1985-12-03,594.0,P40,26513,error
2003-03-23,144.0,P49,60321,2680.48
1976-07-29,434.0,P39,48646,error
1982-10-29,594.0,P56,85178,1742.09
1995-01-12,396.0,,58165,470.58
1978-03-25,,P52,88157,1187.6
2025-03-06,48.0,,92776,328.51
1986-09-01,277.0,P32,52211,187.04
1988-09-23,,P71,36393,2927.76
1990-03-13,,P78,76954,775.4
1991-07-23,329.0,P47,54084,1251.29
,202.0,P52,67845,1165.9
1995-01-04,629.0,P38,84599,1140.93
1973-04-21,435.0,P60,100022,2104.58
2015-10-07,,P44,23209,1886.64
1974-08-22,143.0,P66,50201,2044.21
1993-03-31,144.0,,57925,2452.5
2013-12-31,644.0,P77,107744,2612.65
2002-07-14,967.0,,75204,1090.27
2007-12-12,166.0,P47,115905,516.84
1996-12-01,231.0,P30,116344,2220.57
2014-08-05,695.0,P45,error,817.18
2011-08-01,741.0,P43,58265,1919.28
2007-11-10,717.0,,62877,1679.86
1990-01-03,93.0,P40,113047,2553.74
1979-11-03,405.0,P26,65524,2967.07
1976-02-12,960.0,P26,75215,error
2017-07-21,,P22,54044,569.46
1973-12-22,535.0,,35362,923.25
2007-01-23,918.0,P32,117881,196.24
1990-06-07,511.0,P45,108653,1246.39
1979-07-18,469.0,P43,43338,1029.21
2020-05-06,887.0,,82595,1939.44
1990-09-16,416.0,P70,114558,error
1980-10-15,657.0,P80,24347,1181.82
2003-01-02,109.0,P32,95362,error
2022-07-09,425.0,P21,38494,1727.4
1989-12-13,688.0,P56,73898,417.57
2023-04-16,270.0,P77,94488,1440.57
2005-11-07,,P48,94901,2859.25
1990-08-20,271.0,P80,87474,1976.76
2002-02-28,75.0,P22,53814,error
2003-01-04,556.0,P18,75829,1905.01
2001-07-21,609.0,P67,89021,1668.42
2001-04-22,939.0,P21,82356,1099.83
2008-08-08,762.0,P23,102491,2528.09
1977-02-16,559.0,P43,32290,1192.72
2006-03-30,17.0,P47,77968,1769.18
2006-10-15,290.0,P72,72237,308.72
2003-08-20,413.0,P68,61457,2242.66
1999-05-04,706.0,P33,44768,1218.41
2023-12-09,207.0,P72,28135,1050.71
1994-07-15,393.0,P47,103054,2708.14
1970-02-13,858.0,P28,110872,1713.94
1997-12-23,423.0,P79,85257,213.56
2009-07-27,,P55,78828,2611.32
2007-09-15,266.0,P30,38369,574.0
1980-08-26,584.0,P64,63290,1865.69
2014-05-04,744.0,P64,116952,1212.27
2000-01-29,162.0,P49,99489,916.74
2003-07-19,259.0,P33,62991,1752.82
2008-01-31,738.0,P36,41241,error
2017-03-04,240.0,P44,59051,1696.5
1979-12-31,,P64,101837,2585.23
1989-01-06,140.0,P29,68424,671.47
1976-12-23,390.0,P72,102473,2791.4
1992-09-04,1.0,P32,40350,2653.34
2007-01-22,859.0,P69,85047,964.12
2021-01-06,,P42,25088,718.15
2013-04-13,916.0,P30,44182,2683.89
2000-03-27,150.0,P59,53410,1184.34
1981-05-12,,P68,39433,2565.53
1977-03-07,960.0,P56,54837,2012.14
1995-03-29,277.0,P70,error,2045.21
2014-09-29,215.0,,67804,error
2000-11-29,200.0,P50,35418,1521.67
2004-01-22,607.0,P52,60759,659.13
1972-07-20,826.0,P72,45157,2617.77
2014-07-22,,P61,74307,1981.99
1991-05-28,200.0,P62,97928,691.44
1992-05-13,,P75,error,error
2024-02-13,98.0,,error,675.53
2023-03-10,125.0,P34,73682,2046.59
1982-01-27,772.0,P53,22758,2610.79
2015-05-14,557.0,P47,31095,215.11
1993-05-14,57.0,P52,76796,1703.37
2008-05-21,509.0,,29919,2923.26
2006-02-05,,P42,error,1350.32
2013-12-15,99.0,P25,53441,2855.83
2018-07-13,878.0,,110864,439.38
1994-06-26,498.0,P66,40665,1218.66
2011-05-22,904.0,P80,45072,1165.29
1989-07-02,223.0,P50,35896,148.86
1994-03-14,637.0,P32,40218,820.12
2012-02-12,891.0,P73,78319,1248.17
1977-07-06,,,79918,1019.43
,634.0,P22,52577,2000.64
1984-03-31,3.0,P36,91856,error
1994-09-21,143.0,P35,28074,1982.21
2009-05-07,996.0,P62,47091,2279.5
2018-02-08,215.0,P29,92215,1623.4
1983-11-15,865.0,P45,105744,1175.3
1998-06-27,28.0,P72,79752,362.79
1989-03-05,617.0,P61,65638,2566.36
1996-05-04,241.0,P53,44788,737.74
2018-04-13,,P50,67807,1208.64
2015-03-26,,,65606,2796.67
1990-05-07,151.0,P78,100481,2374.26
2007-11-13,451.0,P72,83452,1975.99
2019-09-25,637.0,P72,48996,703.64
2011-12-19,536.0,P71,59827,1799.24
1987-02-24,,P44,34416,286.4
2022-04-14,,,error,2940.77
2004-02-27,231.0,P57,74433,146.65
2015-01-07,,P35,error,860.89
2021-09-13,290.0,P43,73719,error
2019-01-10,343.0,P51,95837,2624.95
1977-08-24,130.0,P23,60917,798.78
2023-01-31,634.0,P21,51777,1274.51
2024-04-16,747.0,P50,68530,1680.62
1992-08-09,110.0,P67,72251,1875.72
1988-12-05,215.0,P72,40738,1432.8
1985-06-21,279.0,P49,106631,2899.83
2024-11-09,96.0,P21,56417,811.59
1981-10-23,706.0,P52,101827,1775.24
1996-12-09,613.0,P31,56971,636.78
1998-08-26,844.0,P69,101022,1950.15
2001-07-05,956.0,P44,90746,2070.7
1979-09-01,,P73,error,2899.61
1985-07-24,,P53,60280,1212.44
1984-05-24,855.0,P75,70204,647.42
2000-03-18,960.0,P24,98855,810.17
2013-05-23,368.0,P52,39109,392.9
1980-05-14,315.0,P60,70450,1234.48
2003-03-27,432.0,P74,99497,2171.56
1978-03-01,590.0,,46048,757.0
1973-05-01,894.0,P55,32672,136.59
2008-10-27,778.0,P29,62464,error
1974-08-18,153.0,P55,93038,119.45
2000-12-15,148.0,P67,90485,836.58
1997-06-03,553.0,P54,70288,1794.41
1974-02-28,404.0,P55,21224,2349.89
1972-02-20,723.0,P19,error,1999.82
1987-02-09,846.0,P25,106931,816.5
2013-09-03,125.0,P74,66359,238.25
1989-11-16,771.0,P79,106290,2347.68
1972-04-26,993.0,P77,31458,1287.67
1998-05-07,305.0,P59,91885,848.76
,456.0,P47,31267,2941.07
1989-07-13,823.0,P66,96415,799.05
1989-05-10,614.0,P49,88408,1440.45
2004-07-07,47.0,P69,64535,1454.29
1978-05-09,152.0,P27,42786,error
1975-12-29,728.0,P66,73820,1130.82
1977-02-09,771.0,P23,93786,2398.21
1976-03-11,990.0,P20,72020,1948.78
1980-06-13,785.0,P77,33743,1823.67
,807.0,P27,51770,1568.37
1974-02-07,946.0,P76,82829,error
2010-04-29,22.0,P74,85557,404.54
2004-11-03,358.0,P39,21885,1223.65
2025-02-08,428.0,P79,111567,2613.24
2008-12-20,774.0,P40,89060,2807.78
2024-04-22,199.0,P24,83312,613.15
2001-10-09,,P28,20041,2379.69
1983-06-11,230.0,P46,92703,120.73
2014-12-31,500.0,P32,62151,1794.92
1987-09-11,31.0,P34,33725,861.2
2022-01-09,897.0,P71,25985,1378.62
1999-10-21,,P50,74738,1818.49
,346.0,P49,62788,2107.04
1982-08-27,38.0,P66,106782,1762.8
1972-07-15,719.0,P42,43121,2637.57
1986-12-04,860.0,P64,58913,1686.71
1976-08-29,153.0,P34,80995,error
2011-08-27,316.0,P67,21677,2163.7
,97.0,P79,82914,2862.9
2024-10-16,266.0,P40,58672,2943.16
2004-01-10,503.0,P34,31659,error
1990-01-16,459.0,P63,87346,442.37
2016-04-05,520.0,P76,30298,924.71
2011-05-29,750.0,P41,67152,1360.99
1977-10-01,505.0,P18,73623,2234.94
1985-09-17,832.0,P64,66584,1385.56
2015-02-03,771.0,P34,51773,1735.64
2014-01-16,505.0,P26,24198,1376.87
1996-10-26,838.0,P51,error,2850.43
1974-12-02,,P46,84259,1876.68
1974-12-20,943.0,P55,101908,2849.95
2002-11-18,523.0,,24793,2221.45
2024-08-18,,,49746,607.06
2017-09-12,699.0,P18,51612,1248.16
2015-03-03,729.0,P32,118513,980.92
1973-12-08,803.0,P23,107295,error
1974-03-16,56.0,P37,23816,374.63
1987-07-20,259.0,P59,84686,error
2015-02-18,92.0,P42,104700,832.87
1997-06-24,909.0,P78,26115,1417.19
1976-04-05,,P27,85740,332.23
1981-05-18,457.0,P51,79534,error
2006-12-16,307.0,P57,94497,376.03
2014-05-19,608.0,P69,69314,2402.32
1999-05-21,843.0,P47,110845,180.47
,46.0,P30,38487,586.69
2019-11-29,867.0,P19,53759,2843.72
,923.0,P18,30493,1565.29
2000-07-13,566.0,P59,114903,1481.65
1980-01-01,295.0,P36,60206,825.08
,617.0,P33,81667,2715.51
2014-09-05,250.0,P37,100950,2697.68
1970-01-22,313.0,P58,111681,178.87
1978-12-24,248.0,P42,79602,816.91
,384.0,P30,33479,615.64
2015-09-18,727.0,P70,48752,2966.94
1975-01-16,800.0,P62,116209,2100.65
1977-01-22,279.0,,91621,561.33
2009-12-16,545.0,P57,24193,1205.1
1977-11-12,200.0,,51831,1077.88
,682.0,P34,96228,2025.34
1987-04-26,981.0,P68,error,2791.58
1971-11-11,174.0,,22561,2664.45
2014-02-26,170.0,P18,29885,1663.29
2008-01-29,467.0,P28,55435,976.19
2020-01-28,913.0,P35,40443,1614.95
1973-11-27,686.0,P76,67654,1854.46
1982-03-14,976.0,P45,21718,1672.58
2019-10-13,584.0,,119987,1372.81
1984-11-23,127.0,P22,99970,808.97
2015-12-15,62.0,P60,57651,893.91
2022-01-08,344.0,P56,74995,2573.68
2004-11-24,793.0,P36,20365,1021.33
1989-05-07,246.0,P80,22155,861.51
1975-01-17,358.0,P65,98801,2522.44
2006-04-23,630.0,P73,61280,2494.37
1977-09-06,,P43,57726,2204.82
1985-04-30,662.0,P57,85876,2653.9
2009-05-15,,P59,117701,error
,843.0,P54,26528,2759.51
2020-02-20,967.0,P77,66260,error
1971-09-05,469.0,P74,83888,error
2019-03-17,650.0,P24,113858,error
1993-03-06,10.0,,28255,1475.79
1977-11-18,430.0,P60,93000,840.32
1971-03-16,551.0,P55,85206,1638.83
1991-02-11,1000.0,P46,95909,263.64
2024-11-11,945.0,P58,55034,2319.96
1982-11-16,52.0,P46,97035,1505.71
1978-11-06,389.0,P25,74351,1766.9
1975-09-02,972.0,P71,34848,2968.79
2013-06-23,,,44350,1281.99
1975-02-18,957.0,P26,54058,2077.41
,228.0,P75,67513,1902.91
2003-01-19,736.0,P71,78383,2921.91
1974-07-09,101.0,P63,71708,2573.07
1982-03-29,152.0,,47260,1848.44
1984-03-09,481.0,P63,62340,194.54
,858.0,P38,100819,1171.15
2015-11-11,855.0,P34,77131,253.06
1994-02-17,383.0,P47,50232,1938.09
2011-09-12,325.0,P71,62627,2905.7
2013-07-18,589.0,P68,43111,2179.64
2007-03-16,847.0,P70,88371,737.59
,,P69,30415,2884.38
1996-08-29,428.0,P47,88041,1651.71
2024-04-18,322.0,P33,95143,705.98
1982-01-14,403.0,P75,39028,error
1984-07-05,919.0,P76,73473,589.82
1996-07-09,664.0,P33,29238,2188.24
1983-01-01,927.0,P35,99523,2396.09
1999-11-23,205.0,P41,93316,638.11
2002-10-24,377.0,P46,114670,1955.65
2019-09-13,47.0,P59,58734,416.88
2018-11-25,,P69,116581,error
1974-02-22,581.0,P38,70382,2763.71
2023-06-23,647.0,P69,81917,1663.22
1983-12-29,782.0,P35,119663,1401.24
1981-05-21,603.0,P76,77468,2288.6
1974-12-30,918.0,P45,22038,1692.42
2004-02-29,941.0,P21,49017,987.53
2013-11-24,428.0,P76,55377,450.65
2012-06-20,999.0,P38,57641,2816.22
1994-05-21,342.0,P45,93563,1377.61
2002-02-26,368.0,P24,error,2178.52
1996-11-22,889.0,P76,37940,1170.23
1983-05-25,205.0,,57884,1428.59
1970-06-12,478.0,P56,24900,308.51
2012-07-16,224.0,,78532,915.08
2016-03-16,800.0,P51,43697,764.97
2010-11-21,663.0,P80,64501,371.93
1991-09-19,772.0,P20,106029,1836.23
1988-02-20,945.0,P67,78999,181.99
2005-11-12,898.0,P76,93274,611.38
1982-11-24,,P24,error,2754.6
2021-10-24,,,94837,444.32
,368.0,P77,20841,error
1991-07-29,364.0,P74,31861,1256.21
2006-01-24,134.0,P33,error,1074.91
2006-08-03,865.0,P73,34173,892.11
,467.0,P77,54480,1454.5
1973-05-31,661.0,,error,1145.36
1988-01-22,164.0,P34,62694,2480.0
1975-07-18,982.0,P21,71283,158.67
1990-11-07,253.0,P32,92915,1688.16
2001-12-20,827.0,P40,87154,371.48
2015-09-02,650.0,P28,38545,error
1979-01-25,159.0,P73,84298,1705.69
2001-04-12,,P36,86291,2764.54
2018-01-03,,P63,25674,1890.88
2002-01-20,765.0,P22,119538,1661.18
1997-10-08,759.0,P19,119662,1102.97
1999-04-19,44.0,P38,69669,error
1989-12-13,717.0,P30,95086,2891.15
2011-08-19,796.0,P32,54856,219.61
1982-08-31,482.0,P72,64069,1661.02
1987-04-04,48.0,P45,37137,2427.12
2021-03-17,330.0,,78078,1009.85
1991-12-09,517.0,P20,error,1566.72
2008-01-19,915.0,P51,112863,1445.25
2023-06-13,901.0,P65,63915,2174.52
1985-06-22,136.0,P23,113350,473.16
2007-06-11,766.0,P21,89872,292.19
1981-10-02,932.0,P20,70968,424.6
2017-09-17,,P45,23488,1002.99
1999-09-09,247.0,,117244,1090.66
1991-03-29,878.0,P80,error,1063.72
2009-03-01,,P37,36660,723.32
1989-08-12,541.0,P18,error,1110.42
1970-03-05,289.0,P21,61668,2158.1
1973-03-30,870.0,P34,68683,error
2017-11-20,438.0,P34,46726,1120.9
,882.0,P29,60566,1186.91
,635.0,P28,error,1542.43
1993-09-02,146.0,P35,23341,1106.24
1995-10-29,992.0,P59,error,2166.47
2014-08-17,735.0,P54,error,2089.13
1990-03-08,259.0,P59,107728,260.93
2005-08-03,18.0,,32600,1677.26
1991-12-07,353.0,P60,98636,error
2002-10-28,233.0,P20,74736,1462.05
1979-06-12,22.0,P33,56858,2187.64
1991-06-20,910.0,P23,error,459.25
1975-12-12,411.0,P71,89152,1111.94
1974-01-07,682.0,P48,100273,482.37
2012-07-22,962.0,P30,51865,2895.66
2007-11-21,630.0,P40,98331,840.96
2011-10-24,773.0,,106299,1102.01
2020-01-20,298.0,P79,error,1173.49
,659.0,P57,56255,489.84
,424.0,P60,98925,2679.05
2017-11-20,398.0,P70,error,385.56
1984-05-23,959.0,P50,117992,error
1977-03-20,925.0,P27,112505,2066.95
1970-03-09,615.0,P33,94831,error
1980-08-29,159.0,P71,28523,1491.08
1981-09-17,,P22,77273,2233.65
2002-09-21,252.0,P24,52178,1619.83
1999-02-22,973.0,P33,44285,2555.12
1970-11-18,461.0,P55,77093,1853.17
2004-02-16,772.0,P33,68111,2668.86
1973-12-28,715.0,P37,47575,944.01
2014-03-23,925.0,P57,107447,2334.11
1987-02-22,728.0,P18,84430,1547.45
1980-08-30,,P41,65987,2660.48
1989-04-08,,P34,43179,2525.07
2011-08-17,655.0,,79407,2843.72
2013-10-03,,P45,101704,1505.53
1991-08-28,427.0,P49,47376,2610.25
,701.0,P31,109341,1349.32
2002-02-09,607.0,P54,113088,2950.71
1984-11-02,705.0,P65,27257,2102.6
2014-01-25,964.0,P71,61153,873.16
,261.0,P47,31968,1385.24
1976-04-26,,,28383,1716.79
1997-08-02,149.0,P65,61654,1177.55
1970-07-24,950.0,P32,97088,error
2002-05-27,461.0,,31485,1422.2
1979-02-21,247.0,,28046,2247.6
1979-10-25,828.0,P59,error,2708.85
2001-01-20,394.0,P77,74017,2759.92
1970-11-05,744.0,P71,64351,2204.04
1976-02-04,486.0,P63,error,1121.59
1977-08-30,530.0,P79,37703,1079.11
1999-10-29,513.0,P73,24657,1906.64
1998-11-18,,P50,50348,142.92
1990-02-18,513.0,,80973,1031.82
,597.0,P19,119545,2888.54
1990-06-16,472.0,P80,39095,1605.8
2007-02-12,799.0,P53,81107,102.05
,423.0,P54,111912,860.13
1989-08-19,341.0,P47,error,1689.15
2022-01-31,685.0,P37,27950,error
2008-09-15,763.0,P24,92164,1484.98
2001-08-29,238.0,P26,85888,1955.53
2022-10-10,287.0,P80,54917,2357.94
2004-09-14,629.0,P69,41504,error
,260.0,P79,87724,1877.78
1975-11-27,890.0,P57,34116,209.58
1990-08-18,837.0,P40,114810,2039.28
2005-08-25,746.0,P44,102398,2907.5
2002-03-08,,P25,48395,2155.58
1973-12-08,26.0,P64,54343,error
2024-09-01,564.0,P41,62476,2092.4
2022-12-19,865.0,,50355,742.78
2020-12-28,268.0,P19,77635,2282.95
,,P27,47390,2271.5
2009-03-09,824.0,P40,59212,645.12
1973-05-24,89.0,P50,55235,901.34
2020-04-24,658.0,P37,60958,2650.32
1996-09-24,160.0,P48,48136,error
2000-07-22,734.0,P76,25326,786.32
1992-11-21,505.0,P61,39374,2437.41
1996-01-03,285.0,P50,37878,2215.22
1980-07-05,331.0,P28,error,2270.51
1983-05-23,624.0,P24,49674,error
2006-01-07,922.0,P54,66960,1005.89
2017-01-12,948.0,P42,78541,2835.5
1998-12-01,157.0,P32,24305,2941.44
1982-05-08,579.0,P23,57492,2064.84
1995-10-20,293.0,P37,26726,1477.28
1986-01-07,815.0,P60,96594,2574.18
1972-12-10,17.0,P59,116676,1921.32
1995-11-19,538.0,P41,31938,1459.05
1984-01-28,561.0,P51,100859,286.6
1985-12-24,348.0,,87856,833.76
1979-03-01,975.0,P77,27310,1655.77
1972-03-17,201.0,P28,54581,514.37
2024-11-27,873.0,P57,111441,error
1975-11-29,192.0,,49096,1573.1
2024-03-16,32.0,P50,37769,1579.6
1995-10-23,248.0,P46,29493,105.24
2015-03-31,344.0,P69,94630,1064.1
2006-11-27,668.0,P56,62465,2289.41
1974-02-27,560.0,P22,26666,2977.5
2016-12-01,804.0,P19,88636,636.61
1979-08-29,227.0,P79,46671,2304.7
1998-05-11,108.0,P32,28587,error
1993-12-02,,P43,106891,1263.84
1979-01-09,44.0,P61,76089,1377.38
,816.0,P36,40470,1649.95
1988-07-09,971.0,P29,54154,2164.14
2008-04-16,,P29,33475,1871.54
2018-07-07,166.0,P45,91392,1783.73
1982-10-02,102.0,P68,78013,2610.32
1979-03-13,318.0,,31958,error
2014-12-17,959.0,P53,98396,1443.19
2002-11-20,179.0,,96892,2378.45
1977-11-21,306.0,P37,41182,1482.4
1974-02-28,549.0,P59,72207,2559.13
1975-07-26,926.0,P37,59928,error
2020-10-05,26.0,P66,28104,2413.87
1984-11-29,413.0,P50,27316,194.77
1990-05-16,918.0,P20,30328,1160.11
1982-02-26,101.0,,70987,830.67
2011-01-14,619.0,P69,75963,339.45
1995-04-20,948.0,P47,23297,error
2021-08-20,7.0,P68,41356,1784.12
2008-06-03,553.0,P79,43288,1382.07
2003-04-25,100.0,P60,31910,error
1985-11-13,242.0,,36558,739.75
1973-01-21,308.0,P80,28375,2337.42
1991-02-15,837.0,P20,119852,2237.7
2024-05-24,61.0,P47,20772,2194.04
1970-01-28,387.0,,81231,1873.51
1992-06-03,213.0,P29,60638,970.14
1973-07-05,639.0,P54,101451,error
1988-09-20,401.0,P37,105516,781.99
2010-10-24,161.0,P68,74516,1825.04
2003-11-29,408.0,P59,74135,498.85
2013-04-04,353.0,P44,91435,2357.98
1975-09-18,98.0,P76,47543,2735.3
1997-01-07,,P60,error,2809.37
,331.0,P25,97541,2124.5
1990-03-21,314.0,P34,59268,472.19
1970-05-24,57.0,,25940,2989.77
2006-01-23,403.0,P25,115071,2615.49
1978-07-14,752.0,P36,114613,1353.03
2019-01-16,601.0,P56,29425,984.67
2018-04-03,522.0,P59,74452,1732.93
2013-05-13,800.0,P25,error,936.6
1971-06-19,47.0,P49,error,2579.07
2001-03-20,890.0,P66,35924,2958.17
2011-06-03,307.0,,68566,1549.43
1981-03-17,383.0,P73,55096,1772.19
1998-01-09,334.0,P77,104034,1980.69
1985-05-30,664.0,P20,85631,2583.99
1980-05-21,554.0,P56,55077,403.52
1997-06-04,765.0,P29,117566,2379.94
1995-07-09,222.0,P24,51676,2378.23
2006-04-11,3.0,P65,31531,2804.32
2023-01-23,650.0,P18,error,2942.45
1995-08-13,181.0,P51,90573,1519.45
1980-06-04,476.0,P23,82459,2556.15
1982-12-20,,P47,81903,2896.26
1992-06-27,579.0,P78,105410,error
2003-11-19,796.0,P42,26249,1008.26
2022-12-31,,,49281,2849.67
1981-08-17,186.0,,71669,447.06
1993-06-26,808.0,P35,95796,125.77
2002-02-21,276.0,P24,111819,error
1996-01-27,463.0,,error,1961.21
2005-07-26,,P49,40373,501.21
1999-01-29,994.0,P46,113431,550.37
2019-04-09,616.0,P28,106509,655.2
1989-06-28,691.0,P77,59666,829.98
2015-02-25,643.0,P20,41376,2319.58
2010-07-20,274.0,P47,27926,1463.03
1972-06-20,889.0,P35,error,2834.29
,407.0,P28,84281,error
2023-05-14,53.0,P56,56369,2557.87
2012-11-07,399.0,P74,40598,463.09
1982-10-17,929.0,,114153,2742.4
1979-06-10,439.0,P59,33826,1802.18
1991-03-24,670.0,P75,error,375.37
1995-01-03,301.0,P30,98090,847.59
1983-03-24,698.0,P31,36061,1025.39
2003-02-17,198.0,P67,68812,1305.83
2021-12-11,483.0,P61,39983,1043.37
1970-07-22,251.0,P68,30771,error
,380.0,P31,39226,802.63
1978-10-13,360.0,P32,115871,1969.74
,84.0,P23,29367,error
1972-02-23,489.0,P79,error,2777.07
2013-12-02,197.0,P48,72241,1352.47
1991-11-03,,,86816,error
2024-04-28,431.0,P38,68343,821.14
1995-02-23,198.0,P47,20127,269.21
2021-10-05,370.0,P75,39521,2746.41
2008-05-07,226.0,P48,26414,1304.33
1989-02-03,701.0,P78,24448,2696.47
1970-10-09,23.0,P30,72156,215.98
2008-12-18,794.0,P29,61888,2597.0
2007-06-13,856.0,,50521,2491.47
2024-10-02,416.0,P61,86055,1435.45
1999-06-12,76.0,P53,76463,2829.38
1980-05-08,410.0,P38,56005,2878.46
2016-06-12,862.0,P77,79033,104.83
2016-03-19,54.0,P24,25899,1663.02
,316.0,P72,26370,2365.36
1993-04-30,261.0,,44770,error
1974-10-26,326.0,P22,112575,1305.01
1970-06-08,355.0,P22,50620,2797.46
2024-06-24,734.0,P79,73123,1641.5
1995-06-14,552.0,P22,27393,2387.96
2011-11-07,288.0,P52,97785,366.56
2015-08-22,765.0,P79,84098,1888.92
1981-01-27,813.0,P56,89882,469.45
1991-07-10,147.0,P74,48605,error
,727.0,P51,102102,295.07
2011-11-15,,P26,error,760.65
2006-05-12,982.0,P24,41886,1530.44
1984-09-20,196.0,P58,87191,1964.67
2022-08-28,986.0,P53,65735,1487.74
1985-06-25,,P78,78328,2840.54
2004-04-25,306.0,P19,32610,2825.49
1980-09-06,242.0,,85559,2769.11
2019-01-15,748.0,P57,85745,1434.11
1995-07-13,529.0,P32,error,2644.19
2022-11-20,749.0,P31,21581,1384.91
,682.0,P66,101203,2958.48
2020-03-09,,P74,37614,2239.99
1973-09-05,747.0,P25,64902,1097.31
,130.0,P20,55197,error
2004-02-11,228.0,P47,error,error
1989-03-24,298.0,P54,99395,1036.33
2022-08-20,822.0,P61,28055,2069.07
1975-10-21,687.0,P37,error,error
2008-03-14,86.0,P68,108452,2561.44
2011-02-16,177.0,P74,30588,1133.37
1999-03-17,509.0,P23,60002,960.16
1994-10-04,223.0,P58,92743,2467.9
1993-02-25,193.0,P52,57971,error
1971-01-30,983.0,P20,34989,505.9
,78.0,P66,47627,1818.9
,219.0,P68,51093,1713.91
1993-04-27,616.0,P42,106485,1545.61
1981-02-08,,P33,22572,2197.68
2016-05-13,519.0,P76,116783,2462.46
1986-08-28,155.0,P47,92670,1135.45
2012-01-16,172.0,P44,73733,630.06
1977-11-08,244.0,,56569,2504.46
2013-10-31,69.0,P23,100848,1879.08
2005-12-24,860.0,P58,65172,499.77
,388.0,P36,62301,error
2017-11-25,806.0,P25,68032,958.8
2011-06-01,146.0,P31,31704,150.21
2015-06-21,,P53,109950,420.1
1979-02-28,232.0,P63,73516,2177.31
1977-11-08,754.0,,89276,2431.82
1979-07-16,233.0,P39,108473,1415.83
1995-02-10,,,82343,760.16
,82.0,P22,69312,1756.93
1974-05-22,453.0,P37,70547,error
1990-09-10,876.0,P80,30722,2479.49
1976-06-21,571.0,P54,105971,277.2
2011-02-25,377.0,P77,86068,1665.46
2012-12-02,576.0,P70,88715,810.98
2010-12-13,398.0,,107388,2712.94
2019-08-14,171.0,P73,41723,846.59
2005-04-13,268.0,P27,39971,1403.61
2022-11-08,382.0,P76,93643,error
2000-05-18,424.0,P28,error,1995.99
1997-09-22,289.0,P48,66399,error
,126.0,P27,44507,1639.42
,74.0,P38,36910,2815.39
1987-06-23,900.0,P75,103265,1545.58
,916.0,P69,57530,576.32
,23.0,P28,33002,2205.13
1976-11-22,,P56,75828,1283.31
1985-05-09,789.0,P68,21285,742.94
2013-12-31,95.0,,92341,1875.94
1993-12-20,,P57,23137,1995.84
1975-10-23,577.0,P31,80066,1710.78
2024-10-22,813.0,P68,75339,2437.53
,532.0,P42,60262,error
2021-04-10,435.0,P34,error,error
2013-01-21,251.0,P43,26696,2015.4
1991-01-03,198.0,P20,46688,1819.51
,781.0,P64,103580,522.56
2008-08-29,668.0,P73,28744,error
1973-11-29,607.0,P40,20864,1854.58
1999-08-12,45.0,P64,39189,1542.76
1980-09-14,851.0,P65,error,2142.64
2006-07-12,902.0,P25,101221,741.7
